"ENSEMBL","SYMBOL","baseMean","log2FC_raw","lfcSE","stat","pvalue","padj","log2FC_shrunk"
"ENSG00000127324","TSPAN8",285.507453635436,-5.22796604633858,0.831925586253999,-6.28417509056201,3.29599074154547e-10,2.8947038687623e-06,-4.507602513432
"ENSG00000184956","MUC6",2867.24644214627,-5.0729417793295,0.929276738097616,-5.45902159319586,4.78765537569404e-08,0.000165377906143184,-4.21757735506003
"ENSG00000134827","TCN1",1625.53797255475,-4.54897818670378,0.842093355869741,-5.40198798030587,6.59063673784396e-08,0.000165377906143184,-3.89746836958422
"ENSG00000174226","SNX31",10.2782625061768,3.4843672737829,0.540878739430488,6.44204887300935,1.1787130868736e-10,2.07040953709347e-06,3.26365085893676
"ENSG00000233041","PHGR1",194.260014426542,-3.78581739911873,0.785955780762859,-4.81683256460582,1.45854977869092e-06,0.00197072514328508,-3.20957700373621
"ENSG00000273706","LHX1",23.5991653350932,5.38799366704136,1.20307213518791,4.47852918328943,7.51590967176438e-06,0.00602636206958162,3.18073582323425
"ENSG00000186160","CYP4Z1",5942.73577380425,3.65743683235303,0.771992324572155,4.73765958020375,2.16200593089465e-06,0.00271254529829746,3.08068268500651
"ENSG00000206013","IFITM5",8.53344770375768,-4.41689967112269,1.01093410385379,-4.36912718077765,1.24744105949032e-05,0.00782546507498126,-2.84083989031722
"ENSG00000156096","UGT2B4",134.762677495846,-4.4000723550951,1.01320026819872,-4.3427469308882,1.40712189290569e-05,0.008522791740996,-2.77089834377069
"ENSG00000198797","BRINP2",643.611951749376,-3.48989038525587,0.782661428521482,-4.45900392951341,8.23414117107651e-06,0.00602636206958162,-2.70532437007882
"ENSG00000139610","CELA1",2.59083941614396,2.81385131259088,0.545803787010694,5.15542650959243,2.53054275222898e-07,0.000555612293036275,2.61110493155442
"ENSG00000196353","CPNE4",69.6072373646153,-3.51184119567265,0.800887481236091,-4.38493705789042,1.1601932016949e-05,0.00782546507498126,-2.60311903506549
"ENSG00000164850","GPER1",612.164391780233,-2.64002717039431,0.524387447280679,-5.03449726740166,4.7910451135851e-07,0.000701289228501019,-2.44778888233083
"ENSG00000141744","PNMT",228.624292096373,-3.09359670465973,0.698531983305793,-4.42871161033933,9.47976796331609e-06,0.00666048497102589,-2.44750088380658
"ENSG00000229453","SPINK8",160.632886919336,2.88421961205641,0.636619775467609,4.53052155022658,5.88382522976417e-06,0.00570314820633915,2.41850042254686
"ENSG00000179083","FAM133A",20.7181381237345,2.4806282380391,0.486502363553739,5.09890274719105,3.41628006528854e-07,0.000600069593467933,2.32234690182297
"ENSG00000162746","FCRLB",478.647446553181,-2.7929287141539,0.621885471829288,-4.49106602528992,7.08675763005824e-06,0.00602636206958162,-2.31925111366142
"ENSG00000142102","PGGHG",5603.17640070583,-2.4089580550508,0.469529648775157,-5.13057708141531,2.88855242753644e-07,0.000563749148774195,-2.26410319129197
"ENSG00000015592","STMN4",15.0421474441247,-2.85880668284966,0.653315401562881,-4.37584461656764,1.20963164191417e-05,0.00782546507498126,-2.23691690985453
"ENSG00000139364","TMEM132B",29.7101062216212,1.95911459972034,0.322327370346507,6.07802743407815,1.21669943017062e-09,7.12377516364898e-06,1.90067652052216
"ENSG00000176769","TCERG1L",14.7762049831539,-2.7111836960228,0.647028918857173,-4.1902048223926,2.7870276076359e-05,0.0132308486292228,-1.86951905761526
"ENSG00000119514","GALNT12",98.600983737702,1.85713382822908,0.330480881915789,5.61948944660073,1.91522576913433e-08,8.41023515871112e-05,1.78855019519086
"ENSG00000165138","ANKS6",409.924747478718,1.46011090543414,0.288264100045188,5.06518468725468,4.08004592754859e-07,0.000651509151976282,1.35016771881536
"ENSG00000105825","TFPI2",1339.01220444275,-2.82998353700019,0.724348252437473,-3.90693775746285,9.34732196207034e-05,0.0335072878089317,-1.34783167543273
"ENSG00000205863","C1QTNF9B",2.59293289475649,-2.63519274574082,0.678930697086023,-3.88138694722611,0.000103862432021982,0.0357714434993356,-1.23197614170668
"ENSG00000166006","KCNC2",620.259834209541,-4.15014173967537,1.08994047982555,-3.80767740669621,0.000140278099865527,0.0401779917960154,-1.18786360400872
"ENSG00000156671","SAMD8",2766.88850563299,1.25414258518493,0.231017580082034,5.42877552755762,5.67419958012899e-08,0.000165377906143184,1.17528348862975
"ENSG00000147655","RSPO2",2.47606844688311,2.89331736849846,0.761071332688974,3.8016375656615,0.000143742892579162,0.0401779917960154,1.13553725916881
"ENSG00000183971","NPW",81.3234408316165,-2.6506818870927,0.69731861681115,-3.80124927571031,0.000143968372323173,0.0401779917960154,-1.07685424549955
"ENSG00000154342","WNT3A",17.8930474552888,2.59666542948481,0.683853118025806,3.7971098778946,0.000146392910614574,0.0401779917960154,1.0536805862416
"ENSG00000100033","PRODH",431.239227812307,-2.27652240750651,0.594753569958165,-3.82767338019785,0.000129360258343879,0.0387405501965022,-0.998584716159812
"ENSG00000100604","CHGA",666.423772440666,-4.08970142003564,1.09987549619676,-3.71833124219726,0.0002005431961136,0.0496132568976815,-0.976958317210712
"ENSG00000172322","CLEC12A",71.9041613764384,1.57848670578331,0.396429211547627,3.98176183743127,6.84063069512733e-05,0.0267012618133137,0.835464553026874
"ENSG00000139618","BRCA2",626.900946691696,-1.10112501714211,0.24358423188786,-4.52051025063496,6.16907577116106e-06,0.00570314820633915,-0.815773842764637
"ENSG00000135773","CAPN9",578.049174076152,-1.71834284555825,0.44582510648679,-3.85429806566797,0.000116062130702234,0.037066024105177,-0.77356822297306
"ENSG00000008513","ST3GAL1",8506.99931732902,1.20715936227192,0.28509258162712,4.23427139135733,2.29293904139452e-05,0.0118457277241455,0.765698682557822
"ENSG00000197406","DIO3",77.8375908086967,-2.06619033581556,0.555101354924133,-3.7221857188548,0.000197505663532045,0.0495598139991481,-0.756098296784214
"ENSG00000105219","CNTD2",645.258274709682,-1.74705578715975,0.456601351375248,-3.82621685612132,0.000130127666472737,0.0387405501965022,-0.754757839908871
"ENSG00000100577","GSTZ1",1688.32578435735,-1.0235982802762,0.228651514033484,-4.47667396650738,7.58148932988365e-06,0.00602636206958162,-0.717992249458977
"ENSG00000174885","NLRP6",55.2116579258654,-1.77335715812856,0.476356111602268,-3.7227551299042,0.000197060619311241,0.0495598139991481,-0.645918410334324
"ENSG00000109084","TMEM97",2490.49806237445,1.19049180868995,0.292296345894905,4.07289323116613,4.64327132011082e-05,0.0198924538384748,0.645768783570532
"ENSG00000095539","SEMA4G",349.289545307982,1.09438081223851,0.26184580458901,4.17948576245567,2.92169009624596e-05,0.0135051280369896,0.638815196791336
"ENSG00000134830","C5AR2",1733.09266377439,-1.03714280432143,0.243501507369975,-4.25928699794698,2.05080018084759e-05,0.0112569703676837,-0.633328419581628
"ENSG00000177570","SAMD12",2263.01833390143,1.03030510212847,0.244474691924371,4.21436302473058,2.50484114908881e-05,0.0125707242239271,0.605770755250753
"ENSG00000165948","IFI27L1",488.408667775194,-0.997376895854545,0.235178424831765,-4.24093705265702,2.22588560214236e-05,0.0118457277241455,-0.591522390175669
"ENSG00000070371","CLTCL1",189.875424000458,1.1763079561662,0.293857029311124,4.00299410541162,6.25458611193149e-05,0.0249685920581992,0.589833160959209
"ENSG00000110318","CEP126",994.861753708457,-1.38161767869479,0.36095805827623,-3.82764048901626,0.000129377540762284,0.0387405501965022,-0.574077787456613
"ENSG00000132825","PPP1R3D",1383.13284973228,0.95948439211691,0.2281770244293,4.20500001924692,2.61082134755294e-05,0.0127386324916021,0.54585047845606
"ENSG00000197063","MAFG",1425.10515406531,0.764474042012367,0.162987683763493,4.69037920142282,2.72699187624097e-06,0.00299372576913579,0.516819567063333
"ENSG00000012779","ALOX5",1387.84260247745,1.11193389744819,0.282579031089072,3.93494836882534,8.32145832206358e-05,0.0304513365473014,0.510094198141017
"ENSG00000146757","ZNF92",2776.00370274564,-1.19088249467698,0.308424309462268,-3.86118233271968,0.000112839653800896,0.0367042318335694,-0.505699121132692
"ENSG00000131149","GSE1",9502.31305333988,-0.835080962123726,0.195165676166217,-4.27883108612045,1.87877368215668e-05,0.0106453741055103,-0.477965693082626
"ENSG00000148842","CNNM2",772.945414511045,0.889442137938324,0.214126588899308,4.15381453798146,3.26978225439387e-05,0.0147265962303663,0.475972003584796
"ENSG00000260456","C16orf95",14.8003196513951,-1.05717051618692,0.273794188801588,-3.8611868309339,0.000112837576080735,0.0367042318335694,-0.443439102213665
"ENSG00000177150","FAM210A",968.76749530473,0.65742784825248,0.139362404348957,4.71739743099085,2.38880763253186e-06,0.00279729373769481,0.42818624966929
"ENSG00000185009","AP3M1",4742.26644039776,0.704943908656508,0.16415928723286,4.29426760154328,1.75270967087272e-05,0.0102621151229598,0.395951689707907
"ENSG00000100601","ALKBH1",851.842500354762,-0.5904157602915,0.126826933100553,-4.65528690048348,3.2352987751257e-06,0.00334282488147546,-0.377807638756072
"ENSG00000157653","C9orf43",66.6981475142435,0.998447973772822,0.266489073776073,3.74667508736889,0.000179193944011405,0.0463798698098029,0.369170518626831
"ENSG00000067606","PRKCZ",806.429958727298,-0.659045141414989,0.1645009858242,-4.00632943391174,6.16696216626224e-05,0.0249685920581992,-0.3285508631677
"ENSG00000107020","PLGRKT",2065.50656804698,-0.726259134284651,0.189489120364548,-3.8327220733699,0.000126733105833823,0.0387405501965022,-0.316323299344215
"ENSG00000089737","DDX24",9231.3062523775,-0.470333629058827,0.105290343460124,-4.46701581172971,7.93182694262949e-06,0.00602636206958162,-0.311885173607458
"ENSG00000103194","USP10",4557.29342610238,-0.54627856127889,0.135421661507347,-4.03390827729028,5.48567380180671e-05,0.0229418715068416,-0.302072629479565
"ENSG00000140025","EFCAB11",696.551464787972,-0.589562074862156,0.15220910147785,-3.87336939209216,0.000107340942951887,0.0362585319798055,-0.293691621720784
"ENSG00000101654","RNMT",2940.32638712158,0.531420588741869,0.134573818563081,3.94891513383613,7.85061758803019e-05,0.0299774125942935,0.290716951633228
"ENSG00000182180","MRPS16",4910.21973139847,0.531659834601288,0.13492858700706,3.94030536000105,8.13779555945048e-05,0.0304128465961165,0.289948407772745
"ENSG00000158545","ZC3H18",2235.48939323299,-0.539159880749541,0.138644810203938,-3.88878516228966,0.000100747248689786,0.0353925084647219,-0.286327202771883
"ENSG00000153815","CMIP",3861.88527519966,-0.607401836195904,0.161174714534985,-3.76859259809057,0.000164170583544422,0.0436917621205722,-0.283235986406285
"ENSG00000100603","SNW1",3648.82465385985,-0.423099130388538,0.103550302411788,-4.08592848629259,4.39008997971189e-05,0.0192779826234099,-0.275809198784812
"ENSG00000165637","VDAC2",3799.78597605819,0.548332670778223,0.145376404883168,3.77181339171849,0.000162065443226856,0.0436917621205722,0.275550039153861
"ENSG00000125818","PSMF1",8440.87002443855,-0.444513026198386,0.116984077201326,-3.79977375411009,0.000144828248236452,0.0401779917960154,-0.262547967178286
"ENSG00000151445","VIPAS39",1582.26733792352,-0.412876812752969,0.110212927560177,-3.74617408223312,0.000179552015204475,0.0463798698098029,-0.252985281609645
