"patient12","ER","BRCA2_Status","age_num","age_at_index","age","age_group","grp4"
"TCGA-BH-A18H","ER+","WT",63.1485284052019,63,63.1485284052019,"Old","WT_Old"
"TCGA-AN-A04A","ER+","WT",36.8104038329911,36,36.8104038329911,"Young","WT_Young"
"TCGA-5L-AAT1","ER+","WT",63.586584531143,63,63.586584531143,"Old","WT_Old"
"TCGA-AQ-A0Y5","ER+","WT",70,70,70,"Old","WT_Old"
"TCGA-E9-A1R4","ER+","WT",66.2039698836413,66,66.2039698836413,"Old","WT_Old"
"TCGA-AC-A8OP","ER+","WT",72.6899383983573,72,72.6899383983573,"Old","WT_Old"
"TCGA-D8-A1XU","ER+","WT",56.7145790554415,56,56.7145790554415,"Old","WT_Old"
"TCGA-AO-A03N","ER+","WT",64.2327173169062,59,64.2327173169062,"Old","WT_Old"
"TCGA-A1-A0SN","ER+","WT",50.3791923340178,50,50.3791923340178,"Old","WT_Old"
"TCGA-B6-A1KI","ER+","WT",63.0554414784394,63,63.0554414784394,"Old","WT_Old"
"TCGA-B6-A0IP","ER+","WT",74.050650239562,74,74.050650239562,"Old","WT_Old"
"TCGA-B6-A0IM","ER+","WT",75.4469541409993,75,75.4469541409993,"Old","WT_Old"
"TCGA-AN-A0FD","ER+","WT",71.2032854209446,71,71.2032854209446,"Old","WT_Old"
"TCGA-3C-AALJ","ER+","WT",62.5544147843943,62,62.5544147843943,"Old","WT_Old"
"TCGA-AC-A4ZE","ER+","WT",63.7481177275838,63,63.7481177275838,"Old","WT_Old"
"TCGA-AR-A24M","ER+","WT",38.6557152635181,38,38.6557152635181,"Young","WT_Young"
"TCGA-E9-A22A","ER+","WT",74.7104722792608,74,74.7104722792608,"Old","WT_Old"
"TCGA-BH-A0BZ","ER+","Mut",59.8384668035592,59,59.8384668035592,"Old","Mut_Old"
"TCGA-A8-A07F","ER+","WT",65.0020533880903,65,65.0020533880903,"Old","WT_Old"
"TCGA-B6-A0WT","ER+","WT",71.7973990417522,61,71.7973990417522,"Old","WT_Old"
"TCGA-C8-A12Y","ER+","WT",44,44,44,"Old","WT_Old"
"TCGA-AN-A0FF","ER+","WT",32.6598220396988,32,32.6598220396988,"Young","WT_Young"
"TCGA-BH-A1F5","ER+","WT",62.5379876796715,62,62.5379876796715,"Old","WT_Old"
"TCGA-D8-A1Y2","ER+","WT",71.2416153319644,71,71.2416153319644,"Old","WT_Old"
"TCGA-BH-A0B6","ER+","WT",47,47,47,"Old","WT_Old"
"TCGA-A8-A093","ER+","WT",61,61,61,"Old","WT_Old"
"TCGA-E2-A1B1","ER+","WT",45.4565366187543,45,45.4565366187543,"Old","WT_Old"
"TCGA-AR-A255","ER+","WT",62.4476386036961,62,62.4476386036961,"Old","WT_Old"
"TCGA-EW-A1J2","ER+","WT",50.8090349075975,50,50.8090349075975,"Old","WT_Old"
"TCGA-BH-A1F8","ER+","WT",89.9958932238193,89,89.9958932238193,"Old","WT_Old"
"TCGA-AC-A3HN","ER+","WT",87.7782340862423,87,87.7782340862423,"Old","WT_Old"
"TCGA-A8-A08P","ER+","WT",70.0835044490075,70,70.0835044490075,"Old","WT_Old"
"TCGA-BH-A0HN","ER+","WT",67.709787816564,67,67.709787816564,"Old","WT_Old"
"TCGA-BH-A0H0","ER+","WT",69.056810403833,69,69.056810403833,"Old","WT_Old"
"TCGA-BH-A0H9","ER+","WT",69.2375085557837,69,69.2375085557837,"Old","WT_Old"
"TCGA-E2-A14S","ER+","WT",65.3744010951403,65,65.3744010951403,"Old","WT_Old"
"TCGA-W8-A86G","ER+","WT",66.050650239562,66,66.050650239562,"Old","WT_Old"
"TCGA-B6-A0IH","ER+","WT",81.8809034907597,81,81.8809034907597,"Old","WT_Old"
"TCGA-A1-A0SG","ER+","WT",61.2731006160164,61,61.2731006160164,"Old","WT_Old"
"TCGA-AO-A0J9","ER+","WT",64.9089664613279,61,64.9089664613279,"Old","WT_Old"
"TCGA-A2-A3KD","ER+","WT",47.5619438740589,47,47.5619438740589,"Old","WT_Old"
"TCGA-AO-A03M","ER+","WT",29.0650239561944,29,29.0650239561944,"Young","WT_Young"
"TCGA-EW-A424","ER+","WT",51.6084873374401,51,51.6084873374401,"Old","WT_Old"
"TCGA-BH-A0GZ","ER+","WT",62.1875427789185,62,62.1875427789185,"Old","WT_Old"
"TCGA-D8-A27I","ER+","WT",58.3901437371663,58,58.3901437371663,"Old","WT_Old"
"TCGA-EW-A6S9","ER+","WT",34.92128678987,34,34.92128678987,"Young","WT_Young"
"TCGA-AR-A24H","ER+","WT",65.8343600273785,65,65.8343600273785,"Old","WT_Old"
"TCGA-XX-A89A","ER+","WT",68.4462696783025,68,68.4462696783025,"Old","WT_Old"
"TCGA-E9-A5UO","ER+","WT",41.2046543463381,41,41.2046543463381,"Old","WT_Old"
"TCGA-B6-A0IC","ER+","WT",89.9986310746064,89,89.9986310746064,"Old","WT_Old"
"TCGA-E2-A15S","ER+","Mut",34.6913073237509,34,34.6913073237509,"Young","Mut_Young"
"TCGA-GM-A3XG","ER+","WT",46.4010951403149,46,46.4010951403149,"Old","WT_Old"
"TCGA-AR-A24S","ER+","WT",61.8398357289528,61,61.8398357289528,"Old","WT_Old"
"TCGA-Z7-A8R5","ER+","WT",69.9986310746064,60,69.9986310746064,"Old","WT_Old"
"TCGA-C8-A12X","ER+","WT",62.6666666666667,62,62.6666666666667,"Old","WT_Old"
"TCGA-A2-A0EV","ER+","WT",80.1779603011636,80,80.1779603011636,"Old","WT_Old"
"TCGA-A2-A0ER","ER+","WT",63.0280629705681,63,63.0280629705681,"Old","WT_Old"
"TCGA-A2-A0YI","ER+","WT",62.8637919233402,62,62.8637919233402,"Old","WT_Old"
"TCGA-D8-A1XA","ER+","WT",64.0301163586584,64,64.0301163586584,"Old","WT_Old"
"TCGA-A2-A04Y","ER+","WT",53.4784394250513,53,53.4784394250513,"Old","WT_Old"
"TCGA-E9-A24A","ER+","WT",69.4592744695414,69,69.4592744695414,"Old","WT_Old"
"TCGA-BH-A18I","ER+","WT",53.3579739904175,53,53.3579739904175,"Old","WT_Old"
"TCGA-AR-A5QM","ER+","WT",62.3682409308693,62,62.3682409308693,"Old","WT_Old"
"TCGA-D8-A1XO","ER+","WT",56.4161533196441,56,56.4161533196441,"Old","WT_Old"
"TCGA-D8-A27E","ER+","WT",66.570841889117,66,66.570841889117,"Old","WT_Old"
"TCGA-BH-A18N","ER+","WT",88.7173169062286,88,88.7173169062286,"Old","WT_Old"
"TCGA-A8-A06O","ER+","WT",60.662559890486,60,60.662559890486,"Old","WT_Old"
"TCGA-A2-A4S2","ER+","WT",62.7953456536619,62,62.7953456536619,"Old","WT_Old"
"TCGA-AC-A3TM","ER+","WT",50.7460643394935,50,50.7460643394935,"Old","WT_Old"
"TCGA-A8-A08F","ER+","WT",59.2498288843258,59,59.2498288843258,"Old","WT_Old"
"TCGA-A7-A0CD","ER+","WT",66.3709787816564,66,66.3709787816564,"Old","WT_Old"
"TCGA-A8-A09K","ER+","WT",68,68,68,"Old","WT_Old"
"TCGA-GI-A2C8","ER+","WT",63.2525667351129,63,63.2525667351129,"Old","WT_Old"
"TCGA-B6-A1KC","ER+","WT",67.8740588637919,67,67.8740588637919,"Old","WT_Old"
"TCGA-C8-A1HI","ER+","WT",40,40,40,"Young","WT_Young"
"TCGA-BH-A0C0","ER+","WT",62.9869952087611,62,62.9869952087611,"Old","WT_Old"
"TCGA-A8-A07G","ER+","WT",65.5058179329227,65,65.5058179329227,"Old","WT_Old"
"TCGA-BH-A18L","ER+","WT",50.7022587268994,50,50.7022587268994,"Old","WT_Old"
"TCGA-D8-A1XR","ER+","WT",56.0930869267625,56,56.0930869267625,"Old","WT_Old"
"TCGA-D8-A27R","ER+","WT",41.4017796030116,41,41.4017796030116,"Old","WT_Old"
"TCGA-A2-A0SV","ER+","WT",63.315537303217,63,63.315537303217,"Old","WT_Old"
"TCGA-OL-A6VQ","ER+","WT",49.6947296372348,49,49.6947296372348,"Old","WT_Old"
"TCGA-A2-A4RW","ER+","WT",49.4455852156057,49,49.4455852156057,"Old","WT_Old"
"TCGA-B6-A0WV","ER+","WT",67.9069130732375,67,67.9069130732375,"Old","WT_Old"
"TCGA-LL-A9Q3","ER+","WT",69.7522245037646,69,69.7522245037646,"Old","WT_Old"
"TCGA-AR-A2LM","ER+","WT",49.4264202600958,49,49.4264202600958,"Old","WT_Old"
"TCGA-A2-A0CO","ER+","WT",85.9794661190965,85,85.9794661190965,"Old","WT_Old"
"TCGA-BH-A0DI","ER+","WT",63.8658453114305,63,63.8658453114305,"Old","WT_Old"
"TCGA-PE-A5DC","ER+","WT",72.5913757700205,72,72.5913757700205,"Old","WT_Old"
"TCGA-OL-A66K","ER+","WT",72.0027378507871,72,72.0027378507871,"Old","WT_Old"
"TCGA-B6-A0RM","ER+","WT",57.6235455167693,57,57.6235455167693,"Old","WT_Old"
"TCGA-E2-A15L","ER+","WT",65.284052019165,65,65.284052019165,"Old","WT_Old"
"TCGA-A8-A08S","ER+","WT",71,71,71,"Old","WT_Old"
"TCGA-A8-A09C","ER+","WT",69.4182067077344,69,69.4182067077344,"Old","WT_Old"
"TCGA-BH-A1FB","ER+","WT",60.0492813141684,60,60.0492813141684,"Old","WT_Old"
"TCGA-D8-A27G","ER+","WT",75.3483915126626,75,75.3483915126626,"Old","WT_Old"
"TCGA-D8-A1Y3","ER+","WT",61.1006160164271,61,61.1006160164271,"Old","WT_Old"
"TCGA-A2-A1G0","ER+","WT",49.2867898699521,49,49.2867898699521,"Old","WT_Old"
"TCGA-A2-A0CQ","ER+","WT",62.4503764544832,62,62.4503764544832,"Old","WT_Old"
"TCGA-BH-A0W7","ER+","WT",49.2703627652293,49,49.2703627652293,"Old","WT_Old"
"TCGA-E2-A1IN","ER+","WT",60.7775496235455,60,60.7775496235455,"Old","WT_Old"
"TCGA-A7-A6VX","ER+","WT",68.6269678302532,68,68.6269678302532,"Old","WT_Old"
"TCGA-A2-A1FW","ER+","WT",62.3655030800821,62,62.3655030800821,"Old","WT_Old"
"TCGA-D8-A27K","ER+","WT",47.709787816564,47,47.709787816564,"Old","WT_Old"
"TCGA-BH-A0BQ","ER+","WT",39.6824093086927,39,39.6824093086927,"Young","WT_Young"
"TCGA-BH-A209","ER+","WT",77.7631759069131,77,77.7631759069131,"Old","WT_Old"
"TCGA-A8-A09B","ER+","WT",58.9185489390828,58,58.9185489390828,"Old","WT_Old"
"TCGA-AO-A1KS","ER+","WT",69.0759753593429,69,69.0759753593429,"Old","WT_Old"
"TCGA-E2-A1IJ","ER+","WT",57.3744010951403,57,57.3744010951403,"Old","WT_Old"
"TCGA-D8-A1XC","ER+","WT",85,85,85,"Old","WT_Old"
"TCGA-A8-A0A9","ER+","WT",80.4106776180698,80,80.4106776180698,"Old","WT_Old"
"TCGA-B6-A0RO","ER+","WT",71.9206023271732,71,71.9206023271732,"Old","WT_Old"
"TCGA-LL-A6FP","ER+","WT",89.9986310746064,89,89.9986310746064,"Old","WT_Old"
"TCGA-A8-A06U","ER+","WT",80,80,80,"Old","WT_Old"
"TCGA-A8-A09I","ER+","WT",84,84,84,"Old","WT_Old"
"TCGA-C8-A1HO","ER+","WT",34.8117727583847,34,34.8117727583847,"Young","WT_Young"
"TCGA-GM-A2DO","ER+","WT",54,54,54,"Old","WT_Old"
"TCGA-BH-A0BD","ER+","WT",47.296372347707,47,47.296372347707,"Old","WT_Old"
"TCGA-BH-A0B1","ER+","WT",66.570841889117,66,66.570841889117,"Old","WT_Old"
"TCGA-E2-A1IG","ER+","WT",45.8781656399726,45,45.8781656399726,"Old","WT_Old"
"TCGA-AR-A2LE","ER+","WT",69.8124572210814,69,69.8124572210814,"Old","WT_Old"
"TCGA-BH-A0HA","ER+","WT",31.1540041067762,31,31.1540041067762,"Young","WT_Young"
"TCGA-AQ-A7U7","ER+","WT",55.4113620807666,55,55.4113620807666,"Old","WT_Old"
"TCGA-AC-A2FG","ER+","WT",79.9753593429158,79,79.9753593429158,"Old","WT_Old"
"TCGA-A2-A0CR","ER+","WT",54.9623545516769,54,54.9623545516769,"Old","WT_Old"
"TCGA-BH-A0B0","ER+","WT",56.8815879534565,56,56.8815879534565,"Old","WT_Old"
"TCGA-AO-A03O","ER+","WT",69.4373716632443,69,69.4373716632443,"Old","WT_Old"
"TCGA-BH-A0BM","ER+","WT",54.8911704312115,54,54.8911704312115,"Old","WT_Old"
"TCGA-AC-A2FF","ER+","WT",40,40,40,"Young","WT_Young"
"TCGA-A8-A0A2","ER+","WT",66.7488021902806,66,66.7488021902806,"Old","WT_Old"
"TCGA-A8-A095","ER+","WT",45.8370978781656,45,45.8370978781656,"Old","WT_Old"
"TCGA-BH-A1FE","ER+","WT",31.895961670089,31,31.895961670089,"Young","WT_Young"
"TCGA-E2-A15T","ER+","WT",65.8562628336756,65,65.8562628336756,"Old","WT_Old"
"TCGA-A2-A0ET","ER+","WT",58.7652292950034,58,58.7652292950034,"Old","WT_Old"
"TCGA-E9-A1RI","ER+","WT",43.64681724846,43,43.64681724846,"Old","WT_Old"
"TCGA-AR-A2LJ","ER+","WT",40.3093771389459,40,40.3093771389459,"Old","WT_Old"
"TCGA-A8-A083","ER+","WT",67.750855578371,67,67.750855578371,"Old","WT_Old"
"TCGA-3C-AALK","ER+","WT",52.2217659137577,52,52.2217659137577,"Old","WT_Old"
"TCGA-B6-A0WY","ER+","WT",40.4599589322382,40,40.4599589322382,"Old","WT_Old"
"TCGA-A2-A0CV","ER+","WT",41.8590006844627,41,41.8590006844627,"Old","WT_Old"
"TCGA-A2-A0EY","ER+","WT",62.6201232032854,62,62.6201232032854,"Old","WT_Old"
"TCGA-AR-A1AL","ER+","WT",60.2956878850103,60,60.2956878850103,"Old","WT_Old"
"TCGA-AN-A0XP","ER+","WT",69.2813141683778,69,69.2813141683778,"Old","WT_Old"
"TCGA-EW-A1J5","ER+","WT",59,59,59,"Old","WT_Old"
"TCGA-AN-A046","ER+","WT",68.8788501026694,68,68.8788501026694,"Old","WT_Old"
"TCGA-E2-A15I","ER+","WT",44.2518822724162,44,44.2518822724162,"Old","WT_Old"
"TCGA-LL-A740","ER+","WT",61.3716632443532,61,61.3716632443532,"Old","WT_Old"
"TCGA-EW-A3E8","ER+","WT",60.0191649555099,60,60.0191649555099,"Old","WT_Old"
"TCGA-E2-A1IF","ER+","WT",74.8555783709788,74,74.8555783709788,"Old","WT_Old"
"TCGA-A7-A3RF","ER+","WT",80.3778234086242,79,80.3778234086242,"Old","WT_Old"
"TCGA-E2-A1B5","ER+","WT",46.6502395619439,46,46.6502395619439,"Old","WT_Old"
"TCGA-AC-A6IX","ER+","WT",49.1964407939767,49,49.1964407939767,"Old","WT_Old"
"TCGA-BH-A0DT","ER+","WT",41.2813141683778,41,41.2813141683778,"Old","WT_Old"
"TCGA-AO-A12A","ER+","WT",47.6933607118412,47,47.6933607118412,"Old","WT_Old"
"TCGA-E2-A10C","ER+","WT",54.3436002737851,54,54.3436002737851,"Old","WT_Old"
"TCGA-B6-A0RG","ER+","Mut",26.9404517453799,26,26.9404517453799,"Young","Mut_Young"
"TCGA-BH-A1EW","ER+","WT",38.5763175906913,38,38.5763175906913,"Young","WT_Young"
"TCGA-A7-A0CG","ER+","WT",78.2915811088296,78,78.2915811088296,"Old","WT_Old"
"TCGA-4H-AAAK","ER+","WT",50.2970568104038,50,50.2970568104038,"Old","WT_Old"
"TCGA-AN-A0FS","ER+","WT",55.7207392197125,55,55.7207392197125,"Old","WT_Old"
"TCGA-GM-A2DM","ER+","WT",57.9329226557153,57,57.9329226557153,"Old","WT_Old"
"TCGA-E2-A153","ER+","WT",51.6769336071184,51,51.6769336071184,"Old","WT_Old"
"TCGA-E2-A1IK","ER+","WT",71.3264887063655,71,71.3264887063655,"Old","WT_Old"
"TCGA-AQ-A04L","ER+","WT",48.621492128679,48,48.621492128679,"Old","WT_Old"
"TCGA-BH-A0E9","ER+","WT",53.1553730321697,53,53.1553730321697,"Old","WT_Old"
"TCGA-A8-A08C","ER+","WT",65.7549623545517,65,65.7549623545517,"Old","WT_Old"
"TCGA-A2-A25C","ER+","WT",50.6721423682409,50,50.6721423682409,"Old","WT_Old"
"TCGA-AN-A0AS","ER+","WT",70.2477754962354,70,70.2477754962354,"Old","WT_Old"
"TCGA-BH-A0GY","ER+","WT",67.0581793292266,67,67.0581793292266,"Old","WT_Old"
"TCGA-AO-A03V","ER+","Mut",41.845311430527,41,41.845311430527,"Old","Mut_Old"
"TCGA-BH-A0DE","ER+","WT",62.0287474332649,62,62.0287474332649,"Old","WT_Old"
"TCGA-AR-A1AN","ER+","WT",46.4722792607803,46,46.4722792607803,"Old","WT_Old"
"TCGA-GM-A2DN","ER+","WT",58.2833675564682,58,58.2833675564682,"Old","WT_Old"
"TCGA-BH-A42V","ER+","WT",41.5003422313484,41,41.5003422313484,"Old","WT_Old"
"TCGA-E2-A15M","ER+","WT",66.4366872005476,66,66.4366872005476,"Old","WT_Old"
"TCGA-BH-A8G0","ER+","WT",54.6885694729637,54,54.6885694729637,"Old","WT_Old"
"TCGA-WT-AB44","ER+","WT",77,77,77,"Old","WT_Old"
"TCGA-E9-A1RC","ER+","WT",56.933607118412,56,56.933607118412,"Old","WT_Old"
"TCGA-E2-A9RU","ER+","WT",89.9986310746064,89,89.9986310746064,"Old","WT_Old"
"TCGA-A8-A082","ER+","WT",58.4202600958248,58,58.4202600958248,"Old","WT_Old"
"TCGA-E9-A1R6","ER+","WT",63.9206023271732,63,63.9206023271732,"Old","WT_Old"
"TCGA-B6-A401","ER+","WT",47.7426420260096,47,47.7426420260096,"Old","WT_Old"
"TCGA-AR-A24X","ER+","WT",52.1013004791239,52,52.1013004791239,"Old","WT_Old"
"TCGA-E2-A56Z","ER+","WT",69.2183436002738,69,69.2183436002738,"Old","WT_Old"
"TCGA-E9-A1R3","ER+","WT",70.3436002737851,70,70.3436002737851,"Old","WT_Old"
"TCGA-BH-A0DZ","ER+","WT",43.750855578371,43,43.750855578371,"Old","WT_Old"
"TCGA-B6-A0RV","ER+","WT",42.4558521560575,42,42.4558521560575,"Old","WT_Old"
"TCGA-E2-A1LA","ER+","WT",59.6112251882272,59,59.6112251882272,"Old","WT_Old"
"TCGA-E9-A229","ER+","WT",37.8288843258042,37,37.8288843258042,"Young","WT_Young"
"TCGA-D8-A1JT","ER+","WT",70.299794661191,70,70.299794661191,"Old","WT_Old"
"TCGA-A2-A0CS","ER+","WT",73.4209445585216,73,73.4209445585216,"Old","WT_Old"
"TCGA-BH-A0C7","ER+","WT",48.9281314168378,48,48.9281314168378,"Old","WT_Old"
"TCGA-AN-A0FW","ER+","WT",67.6030116358658,67,67.6030116358658,"Old","WT_Old"
"TCGA-A7-A2KD","ER+","WT",53.5605749486653,53,53.5605749486653,"Old","WT_Old"
"TCGA-D8-A1XM","ER+","WT",57.6481861738535,57,57.6481861738535,"Old","WT_Old"
"TCGA-E9-A1RB","ER+","WT",40.3969883641342,40,40.3969883641342,"Old","WT_Old"
"TCGA-E9-A3X8","ER+","WT",48.1533196440794,48,48.1533196440794,"Old","WT_Old"
"TCGA-AR-A1AK","ER+","WT",70.7049965776865,70,70.7049965776865,"Old","WT_Old"
"TCGA-D8-A1JC","ER+","WT",59.9534565366188,59,59.9534565366188,"Old","WT_Old"
"TCGA-A7-A5ZX","ER+","WT",48.539356605065,48,48.539356605065,"Old","WT_Old"
"TCGA-A8-A09M","ER+","WT",75.1676933607118,75,75.1676933607118,"Old","WT_Old"
"TCGA-D8-A1JI","ER+","WT",54.9541409993155,54,54.9541409993155,"Old","WT_Old"
"TCGA-D8-A1J8","ER+","WT",77.8754277891855,77,77.8754277891855,"Old","WT_Old"
"TCGA-GM-A4E0","ER+","WT",67.8658453114305,67,67.8658453114305,"Old","WT_Old"
"TCGA-E9-A22B","ER+","WT",71.9452429842574,71,71.9452429842574,"Old","WT_Old"
"TCGA-A2-A4S3","ER+","WT",59.5811088295688,59,59.5811088295688,"Old","WT_Old"
"TCGA-AR-A0TV","ER+","WT",66.4722792607803,66,66.4722792607803,"Old","WT_Old"
"TCGA-A2-A0SW","ER+","WT",82.3682409308693,82,82.3682409308693,"Old","WT_Old"
"TCGA-C8-A133","ER+","WT",65.4948665297741,65,65.4948665297741,"Old","WT_Old"
"TCGA-B6-A2IU","ER+","WT",62.7104722792608,62,62.7104722792608,"Old","WT_Old"
"TCGA-A8-A08A","ER+","WT",89.6646132785763,89,89.6646132785763,"Old","WT_Old"
"TCGA-EW-A1P0","ER+","WT",58.0451745379877,55,58.0451745379877,"Old","WT_Old"
"TCGA-A2-A1FZ","ER+","WT",63.1211498973306,63,63.1211498973306,"Old","WT_Old"
"TCGA-A8-A09Z","ER+","WT",83.750855578371,83,83.750855578371,"Old","WT_Old"
"TCGA-E9-A3HO","ER+","WT",49.4072553045859,49,49.4072553045859,"Old","WT_Old"
"TCGA-E2-A10B","ER+","WT",67.2881587953457,67,67.2881587953457,"Old","WT_Old"
"TCGA-A8-A086","ER+","WT",59.4962354551677,59,59.4962354551677,"Old","WT_Old"
"TCGA-S3-A6ZF","ER+","WT",64.7501711156742,64,64.7501711156742,"Old","WT_Old"
"TCGA-E2-A14O","ER+","WT",76.2135523613963,76,76.2135523613963,"Old","WT_Old"
"TCGA-BH-A0HP","ER+","WT",65.388090349076,65,65.388090349076,"Old","WT_Old"
"TCGA-B6-A40B","ER+","WT",76.1423682409309,76,76.1423682409309,"Old","WT_Old"
"TCGA-AO-A125","ER+","WT",72.4599589322382,72,72.4599589322382,"Old","WT_Old"
"TCGA-C8-A12O","ER+","WT",50.6666666666667,50,50.6666666666667,"Old","WT_Old"
"TCGA-BH-A0BA","ER+","WT",51.5783709787817,51,51.5783709787817,"Old","WT_Old"
"TCGA-A7-A13H","ER+","WT",61.9931553730322,61,61.9931553730322,"Old","WT_Old"
"TCGA-A8-A08T","ER+","WT",64.5037645448323,64,64.5037645448323,"Old","WT_Old"
"TCGA-C8-A132","ER+","WT",56.0465434633812,56,56.0465434633812,"Old","WT_Old"
"TCGA-BH-A0E2","ER+","WT",49.6974674880219,49,49.6974674880219,"Old","WT_Old"
"TCGA-C8-A1HM","ER+","WT",74.0944558521561,74,74.0944558521561,"Old","WT_Old"
"TCGA-E2-A3DX","ER+","WT",43.7207392197125,43,43.7207392197125,"Old","WT_Old"
"TCGA-AC-A3W6","ER+","WT",89.9986310746064,89,89.9986310746064,"Old","WT_Old"
"TCGA-B6-A0X4","ER+","WT",64.0766598220397,62,64.0766598220397,"Old","WT_Old"
"TCGA-AR-A2LK","ER+","WT",65.9931553730322,62,65.9931553730322,"Old","WT_Old"
"TCGA-OL-A5DA","ER+","WT",61.3579739904175,61,61.3579739904175,"Old","WT_Old"
"TCGA-OL-A66H","ER+","WT",74.6885694729637,74,74.6885694729637,"Old","WT_Old"
"TCGA-D8-A3Z5","ER+","WT",54.3353867214237,54,54.3353867214237,"Old","WT_Old"
"TCGA-BH-A0C3","ER+","WT",54.4695414099932,47,54.4695414099932,"Old","WT_Old"
"TCGA-BH-A18S","ER+","WT",79.3264887063655,79,79.3264887063655,"Old","WT_Old"
"TCGA-AO-A0JM","ER+","WT",40.1177275838467,40,40.1177275838467,"Old","WT_Old"
"TCGA-BH-A1FM","ER+","WT",44.5968514715948,44,44.5968514715948,"Old","WT_Old"
"TCGA-B6-A0RP","ER+","WT",81.3908281998631,73,81.3908281998631,"Old","WT_Old"
"TCGA-A2-A0EN","ER+","WT",70.5571526351814,70,70.5571526351814,"Old","WT_Old"
"TCGA-A8-A08O","ER+","WT",47.7563312799452,45,47.7563312799452,"Old","WT_Old"
"TCGA-C8-A273","ER+","WT",29,29,29,"Young","WT_Young"
"TCGA-AC-A3QP","ER+","WT",79.7070499657769,79,79.7070499657769,"Old","WT_Old"
"TCGA-EW-A1IW","ER+","WT",80.8459958932238,80,80.8459958932238,"Old","WT_Old"
"TCGA-D8-A1XF","ER+","WT",45.9603011635866,45,45.9603011635866,"Old","WT_Old"
"TCGA-D8-A145","ER+","WT",80.1642710472279,80,80.1642710472279,"Old","WT_Old"
"TCGA-BH-A0HI","ER+","WT",78.4229979466119,78,78.4229979466119,"Old","WT_Old"
"TCGA-MS-A51U","ER+","WT",44.3887748117728,44,44.3887748117728,"Old","WT_Old"
"TCGA-S3-AA14","ER+","WT",47.5071868583162,47,47.5071868583162,"Old","WT_Old"
"TCGA-LL-A50Y","ER+","WT",84.7364818617385,84,84.7364818617385,"Old","WT_Old"
"TCGA-LL-A6FQ","ER+","WT",77.6865160848734,77,77.6865160848734,"Old","WT_Old"
"TCGA-BH-A0AY","ER+","WT",62.1574264202601,62,62.1574264202601,"Old","WT_Old"
"TCGA-AR-A1AP","ER+","WT",80.5092402464066,80,80.5092402464066,"Old","WT_Old"
"TCGA-AC-A3QQ","ER+","WT",53.9986310746064,53,53.9986310746064,"Old","WT_Old"
"TCGA-D8-A73U","ER+","WT",88.1806981519507,88,88.1806981519507,"Old","WT_Old"
"TCGA-B6-A0IG","ER+","WT",50.466803559206,50,50.466803559206,"Old","WT_Old"
"TCGA-BH-A0DQ","ER+","WT",42.5270362765229,42,42.5270362765229,"Old","WT_Old"
"TCGA-D8-A3Z6","ER+","WT",56.4791238877481,56,56.4791238877481,"Old","WT_Old"
"TCGA-AO-A1KP","ER+","WT",77.3360711841205,77,77.3360711841205,"Old","WT_Old"
"TCGA-A2-A25E","ER+","Mut",42.6830937713895,34,42.6830937713895,"Old","Mut_Old"
"TCGA-BH-A0BR","ER+","WT",59.1978097193703,59,59.1978097193703,"Old","WT_Old"
"TCGA-A8-A0A1","ER+","WT",84.167008898015,84,84.167008898015,"Old","WT_Old"
"TCGA-AN-A0FT","ER+","WT",63.791923340178,63,63.791923340178,"Old","WT_Old"
"TCGA-C8-A12N","ER+","WT",58.6666666666667,58,58.6666666666667,"Old","WT_Old"
"TCGA-D8-A4Z1","ER+","WT",68.7118412046543,68,68.7118412046543,"Old","WT_Old"
"TCGA-OL-A5RU","ER+","WT",63.2662559890486,63,63.2662559890486,"Old","WT_Old"
"TCGA-BH-A0DS","ER+","WT",71.0308008213552,71,71.0308008213552,"Old","WT_Old"
"TCGA-PL-A8LX","ER+","WT",35.1540041067762,35,35.1540041067762,"Young","WT_Young"
"TCGA-AC-A3EH","ER+","WT",79.4360027378508,79,79.4360027378508,"Old","WT_Old"
"TCGA-E9-A295","ER+","WT",71.066392881588,71,71.066392881588,"Old","WT_Old"
"TCGA-C8-A26W","ER+","WT",58.5653661875428,58,58.5653661875428,"Old","WT_Old"
"TCGA-B6-A40C","ER+","WT",51.6139630390144,51,51.6139630390144,"Old","WT_Old"
"TCGA-A2-A0EU","ER+","WT",79.791923340178,79,79.791923340178,"Old","WT_Old"
"TCGA-AQ-A1H3","ER+","WT",49.7659137577002,49,49.7659137577002,"Old","WT_Old"
"TCGA-BH-A0BC","ER+","WT",60.0930869267625,60,60.0930869267625,"Old","WT_Old"
"TCGA-A1-A0SF","ER+","WT",54.0205338809035,54,54.0205338809035,"Old","WT_Old"
"TCGA-AR-A24N","ER+","WT",54.7268993839836,54,54.7268993839836,"Old","WT_Old"
"TCGA-AN-A0FK","ER+","WT",88.8761122518823,88,88.8761122518823,"Old","WT_Old"
"TCGA-E2-A14Q","ER+","WT",50.6694045174538,50,50.6694045174538,"Old","WT_Old"
"TCGA-A2-A0EM","ER+","WT",73.4976043805613,73,73.4976043805613,"Old","WT_Old"
"TCGA-LQ-A4E4","ER+","WT",73.6016427104723,73,73.6016427104723,"Old","WT_Old"
"TCGA-BH-A0H5","ER+","WT",45.7741273100616,45,45.7741273100616,"Old","WT_Old"
"TCGA-D8-A27T","ER+","WT",53.637234770705,53,53.637234770705,"Old","WT_Old"
"TCGA-D8-A1JN","ER+","WT",80.3039014373717,80,80.3039014373717,"Old","WT_Old"
"TCGA-EW-A1J3","ER+","WT",61.1416837782341,61,61.1416837782341,"Old","WT_Old"
"TCGA-GM-A3NY","ER+","WT",72.9418206707734,72,72.9418206707734,"Old","WT_Old"
"TCGA-EW-A423","ER+","WT",75.6386036960986,75,75.6386036960986,"Old","WT_Old"
"TCGA-A2-A0CY","ER+","WT",63.5975359342916,63,63.5975359342916,"Old","WT_Old"
"TCGA-E2-A10A","ER+","WT",41.3004791238877,41,41.3004791238877,"Old","WT_Old"
"TCGA-A8-A075","ER+","WT",42.0780287474333,42,42.0780287474333,"Old","WT_Old"
"TCGA-JL-A3YX","ER+","WT",46,46,46,"Old","WT_Old"
"TCGA-BH-A0HW","ER+","WT",62.8665297741273,62,62.8665297741273,"Old","WT_Old"
"TCGA-D8-A1JB","ER+","WT",54.2696783025325,54,54.2696783025325,"Old","WT_Old"
"TCGA-BH-A1EX","ER+","WT",67.1978097193703,67,67.1978097193703,"Old","WT_Old"
"TCGA-A2-A4S0","ER+","WT",77.7987679671458,77,77.7987679671458,"Old","WT_Old"
"TCGA-OL-A5RX","ER+","WT",51.8603696098563,51,51.8603696098563,"Old","WT_Old"
"TCGA-BH-A1EO","ER+","WT",68.8186173853525,68,68.8186173853525,"Old","WT_Old"
"TCGA-A2-A0T7","ER+","WT",51.3511293634497,51,51.3511293634497,"Old","WT_Old"
"TCGA-D8-A141","ER+","WT",40.0438056125941,40,40.0438056125941,"Old","WT_Old"
"TCGA-AO-A0JG","ER+","WT",49.3388090349076,49,49.3388090349076,"Old","WT_Old"
"TCGA-AO-A12G","ER+","WT",75.8521560574949,75,75.8521560574949,"Old","WT_Old"
"TCGA-A2-A0CK","ER+","WT",60.4900752908966,60,60.4900752908966,"Old","WT_Old"
"TCGA-B6-A0X7","ER+","WT",65.2347707049966,62,65.2347707049966,"Old","WT_Old"
"TCGA-E2-A1L9","ER+","WT",40.7063655030801,40,40.7063655030801,"Old","WT_Old"
"TCGA-BH-A8FY","ER+","WT",87.4250513347023,87,87.4250513347023,"Old","WT_Old"
"TCGA-AR-A0TQ","ER+","WT",27.0308008213552,27,27.0308008213552,"Young","WT_Young"
"TCGA-A8-A07P","ER+","WT",68.2518822724162,68,68.2518822724162,"Old","WT_Old"
"TCGA-BH-A0DH","ER+","WT",63.9726214921287,63,63.9726214921287,"Old","WT_Old"
"TCGA-AC-A8OR","ER+","WT",75.5783709787817,75,75.5783709787817,"Old","WT_Old"
"TCGA-A8-A09W","ER+","Mut",70.2505133470226,70,70.2505133470226,"Old","Mut_Old"
"TCGA-AN-A0XL","ER+","WT",61.1663244353183,61,61.1663244353183,"Old","WT_Old"
"TCGA-E2-A570","ER+","WT",47.791923340178,47,47.791923340178,"Old","WT_Old"
"TCGA-A2-A1FV","ER+","WT",74.7077344284736,74,74.7077344284736,"Old","WT_Old"
"TCGA-OK-A5Q2","ER+","WT",59.0143737166324,59,59.0143737166324,"Old","WT_Old"
"TCGA-D8-A1X7","ER+","WT",40.6789869952088,40,40.6789869952088,"Old","WT_Old"
"TCGA-D8-A1Y0","ER+","Mut",65.9356605065024,65,65.9356605065024,"Old","Mut_Old"
"TCGA-E2-A14T","ER+","WT",52.6680355920602,52,52.6680355920602,"Old","WT_Old"
"TCGA-E9-A22D","ER+","WT",38.6447638603696,38,38.6447638603696,"Young","WT_Young"
"TCGA-EW-A1OZ","ER+","WT",56.5749486652977,56,56.5749486652977,"Old","WT_Old"
"TCGA-A7-A3J1","ER+","WT",63,63,63,"Old","WT_Old"
"TCGA-E2-A10F","ER+","WT",47.2470910335387,47,47.2470910335387,"Old","WT_Old"
"TCGA-AO-A0J7","ER+","WT",71.9534565366188,71,71.9534565366188,"Old","WT_Old"
"TCGA-AN-A0AJ","ER+","WT",79.7563312799452,79,79.7563312799452,"Old","WT_Old"
"TCGA-C8-A3M7","ER+","WT",60.4955509924709,60,60.4955509924709,"Old","WT_Old"
"TCGA-OL-A66J","ER+","WT",80.3422313483915,80,80.3422313483915,"Old","WT_Old"
"TCGA-AN-A0XS","ER+","WT",63.9507186858316,63,63.9507186858316,"Old","WT_Old"
"TCGA-A8-A09N","ER+","WT",57.5003422313484,57,57.5003422313484,"Old","WT_Old"
"TCGA-EW-A6SC","ER+","WT",60.0082135523614,60,60.0082135523614,"Old","WT_Old"
"TCGA-AR-A1AU","ER+","WT",39.8740588637919,39,39.8740588637919,"Young","WT_Young"
"TCGA-A8-A09D","ER+","WT",47.7481177275838,47,47.7481177275838,"Old","WT_Old"
"TCGA-C8-A1HL","ER+","WT",38,38,38,"Young","WT_Young"
"TCGA-A2-A0T5","ER+","WT",39.7070499657769,39,39.7070499657769,"Young","WT_Young"
"TCGA-BH-A0AU","ER+","WT",45.6892539356605,45,45.6892539356605,"Old","WT_Old"
"TCGA-A2-A0CT","ER+","WT",71.0718685831622,71,71.0718685831622,"Old","WT_Old"
"TCGA-LD-A66U","ER+","WT",44.082135523614,44,44.082135523614,"Old","WT_Old"
"TCGA-LD-A74U","ER+","WT",79.3456536618754,79,79.3456536618754,"Old","WT_Old"
"TCGA-E9-A1RD","ER+","WT",67.6769336071184,67,67.6769336071184,"Old","WT_Old"
"TCGA-EW-A1IY","ER+","WT",38.6639288158795,38,38.6639288158795,"Young","WT_Young"
"TCGA-E9-A245","ER+","WT",47.5373032169747,47,47.5373032169747,"Old","WT_Old"
"TCGA-B6-A0RI","ER+","WT",47.1950718685832,44,47.1950718685832,"Old","WT_Old"
"TCGA-A8-A079","ER+","WT",69.2511978097194,69,69.2511978097194,"Old","WT_Old"
"TCGA-S3-AA17","ER+","WT",64.8186173853525,64,64.8186173853525,"Old","WT_Old"
"TCGA-AN-A049","ER+","WT",62.17659137577,62,62.17659137577,"Old","WT_Old"
"TCGA-AQ-A04H","ER+","WT",61.7084188911704,61,61.7084188911704,"Old","WT_Old"
"TCGA-E9-A2JS","ER+","WT",73.7330595482546,72,73.7330595482546,"Old","WT_Old"
"TCGA-A2-A0CW","ER+","WT",67.1895961670089,67,67.1895961670089,"Old","WT_Old"
"TCGA-E9-A227","ER+","WT",42.715947980835,42,42.715947980835,"Old","WT_Old"
"TCGA-E9-A54X","ER+","WT",85.347022587269,85,85.347022587269,"Old","WT_Old"
"TCGA-AN-A0XT","ER+","WT",54.1930184804928,54,54.1930184804928,"Old","WT_Old"
"TCGA-AC-A2B8","ER+","WT",86.6721423682409,84,86.6721423682409,"Old","WT_Old"
"TCGA-A2-A0T3","ER+","WT",37.4537987679671,37,37.4537987679671,"Young","WT_Young"
"TCGA-BH-A1EY","ER+","WT",79.233401779603,79,79.233401779603,"Old","WT_Old"
"TCGA-A2-A0YC","ER+","WT",61.4401095140315,59,61.4401095140315,"Old","WT_Old"
"TCGA-BH-A0W4","ER+","WT",46.299794661191,46,46.299794661191,"Old","WT_Old"
"TCGA-AR-A5QN","ER+","WT",68.6899383983573,68,68.6899383983573,"Old","WT_Old"
"TCGA-BH-A204","ER+","WT",80.8459958932238,80,80.8459958932238,"Old","WT_Old"
"TCGA-GM-A3XN","ER+","WT",44.104038329911,44,44.104038329911,"Old","WT_Old"
"TCGA-AO-A0JC","ER+","WT",64.0766598220397,64,64.0766598220397,"Old","WT_Old"
"TCGA-BH-A0DX","ER+","WT",62.5133470225873,62,62.5133470225873,"Old","WT_Old"
"TCGA-A8-A09Q","ER+","WT",83.5811088295688,83,83.5811088295688,"Old","WT_Old"
"TCGA-A2-A0YD","ER+","WT",63.0280629705681,63,63.0280629705681,"Old","WT_Old"
"TCGA-E9-A1N3","ER+","WT",70.4010951403149,70,70.4010951403149,"Old","WT_Old"
"TCGA-A8-A0A4","ER+","WT",73.0814510609172,73,73.0814510609172,"Old","WT_Old"
"TCGA-EW-A1P3","ER+","WT",48.2874743326489,48,48.2874743326489,"Old","WT_Old"
"TCGA-AR-A24L","ER+","Mut",30.444900752909,26,30.444900752909,"Young","Mut_Young"
"TCGA-OL-A5RV","ER+","WT",43.3127994524298,43,43.3127994524298,"Old","WT_Old"
"TCGA-A7-A4SA","ER+","WT",40.8104038329911,40,40.8104038329911,"Old","WT_Old"
"TCGA-OL-A66O","ER+","WT",39.0746064339493,39,39.0746064339493,"Young","WT_Young"
"TCGA-A8-A06Y","ER+","WT",66.9185489390828,66,66.9185489390828,"Old","WT_Old"
"TCGA-BH-A0EA","ER+","WT",72,72,72,"Old","WT_Old"
"TCGA-AO-A1KT","ER+","WT",78.466803559206,78,78.466803559206,"Old","WT_Old"
"TCGA-B6-A0IB","ER+","WT",72.1779603011636,64,72.1779603011636,"Old","WT_Old"
"TCGA-A1-A0SI","ER+","WT",52.703627652293,52,52.703627652293,"Old","WT_Old"
"TCGA-AN-A0XO","ER+","WT",59.2470910335387,59,59.2470910335387,"Old","WT_Old"
"TCGA-AR-A24Z","ER+","WT",57.2210814510609,57,57.2210814510609,"Old","WT_Old"
"TCGA-B6-A0I5","ER+","WT",49.3853524982888,49,49.3853524982888,"Old","WT_Old"
"TCGA-S3-A6ZG","ER+","WT",71.5701574264203,71,71.5701574264203,"Old","WT_Old"
"TCGA-BH-A1EU","ER+","WT",83.0636550308008,83,83.0636550308008,"Old","WT_Old"
"TCGA-AR-A1AW","ER+","WT",65.3114305270363,65,65.3114305270363,"Old","WT_Old"
"TCGA-BH-A0DO","ER+","WT",78,78,78,"Old","WT_Old"
"TCGA-A8-A08Z","ER+","WT",76.6680355920602,76,76.6680355920602,"Old","WT_Old"
"TCGA-E9-A226","ER+","WT",45.2046543463381,45,45.2046543463381,"Old","WT_Old"
"TCGA-AR-A0TY","ER+","WT",55.7973990417522,54,55.7973990417522,"Old","WT_Old"
"TCGA-A7-A3J0","ER+","WT",62.072553045859,62,62.072553045859,"Old","WT_Old"
"TCGA-A8-A07W","ER+","WT",76.5010266940452,76,76.5010266940452,"Old","WT_Old"
"TCGA-BH-A0BO","ER+","WT",54.1190965092402,54,54.1190965092402,"Old","WT_Old"
"TCGA-AR-A24R","ER+","WT",45.5633127994524,45,45.5633127994524,"Old","WT_Old"
"TCGA-AO-A03L","ER+","WT",34.0670773442847,34,34.0670773442847,"Young","WT_Young"
"TCGA-AR-A24O","ER+","WT",43.7426420260096,43,43.7426420260096,"Old","WT_Old"
"TCGA-B6-A0I8","ER+","Mut",46,46,46,"Old","Mut_Old"
"TCGA-AC-A62Y","ER+","WT",79.0581793292266,79,79.0581793292266,"Old","WT_Old"
"TCGA-A2-A0T6","ER+","WT",50.1957563312799,50,50.1957563312799,"Old","WT_Old"
"TCGA-B6-A0WZ","ER+","WT",50.880219028063,50,50.880219028063,"Old","WT_Old"
"TCGA-E2-A15E","ER+","WT",40.7775496235455,40,40.7775496235455,"Old","WT_Old"
"TCGA-LL-A7SZ","ER+","WT",49.7221081451061,49,49.7221081451061,"Old","WT_Old"
"TCGA-S3-AA12","ER+","WT",82.4120465434634,82,82.4120465434634,"Old","WT_Old"
"TCGA-BH-AB28","ER+","WT",53.5797399041752,53,53.5797399041752,"Old","WT_Old"
"TCGA-AC-A3BB","ER+","Mut",46.4969199178645,46,46.4969199178645,"Old","Mut_Old"
"TCGA-AN-A0FY","ER+","WT",55.7070499657769,55,55.7070499657769,"Old","WT_Old"
"TCGA-E2-A1IE","ER+","WT",61.6290212183436,61,61.6290212183436,"Old","WT_Old"
"TCGA-B6-A0RN","ER+","WT",60.4435318275154,60,60.4435318275154,"Old","WT_Old"
"TCGA-A2-A3KC","ER+","WT",55.854893908282,55,55.854893908282,"Old","WT_Old"
"TCGA-D8-A1XG","ER+","WT",86.92128678987,86,86.92128678987,"Old","WT_Old"
"TCGA-BH-A18U","ER+","WT",72.3504449007529,72,72.3504449007529,"Old","WT_Old"
"TCGA-E9-A1RE","ER+","WT",74.9952087611225,74,74.9952087611225,"Old","WT_Old"
"TCGA-E2-A14U","ER+","WT",74.9869952087611,74,74.9869952087611,"Old","WT_Old"
"TCGA-A1-A0SJ","ER+","WT",39.378507871321,39,39.378507871321,"Young","WT_Young"
"TCGA-A8-A076","ER+","WT",66.3381245722108,66,66.3381245722108,"Old","WT_Old"
"TCGA-BH-A0BT","ER+","WT",56.4681724845996,56,56.4681724845996,"Old","WT_Old"
"TCGA-AR-A0TT","ER+","WT",53.8781656399726,53,53.8781656399726,"Old","WT_Old"
"TCGA-A7-A0D9","ER+","WT",37.8809034907598,37,37.8809034907598,"Young","WT_Young"
"TCGA-E9-A22H","ER+","WT",42.4476386036961,42,42.4476386036961,"Old","WT_Old"
"TCGA-BH-A1FL","ER+","WT",69.9739904175222,69,69.9739904175222,"Old","WT_Old"
"TCGA-B6-A0IN","ER+","WT",49.6016427104723,45,49.6016427104723,"Old","WT_Old"
"TCGA-A2-A04N","ER+","WT",66.1327857631759,66,66.1327857631759,"Old","WT_Old"
"TCGA-E2-A15P","ER+","WT",61.6673511293634,61,61.6673511293634,"Old","WT_Old"
"TCGA-AR-A250","ER+","WT",58.340862422998,58,58.340862422998,"Old","WT_Old"
"TCGA-A2-A04V","ER+","WT",39.0143737166324,39,39.0143737166324,"Young","WT_Young"
"TCGA-B6-A0RL","ER+","WT",60.8843258042437,60,60.8843258042437,"Old","WT_Old"
"TCGA-A2-A0EW","ER+","WT",56.8542094455852,53,56.8542094455852,"Old","WT_Old"
"TCGA-E2-A15H","ER+","WT",38.2888432580424,38,38.2888432580424,"Young","WT_Young"
"TCGA-AC-A7VB","ER+","WT",51.4880219028063,51,51.4880219028063,"Old","WT_Old"
"TCGA-AR-A24P","ER+","WT",47.8850102669405,47,47.8850102669405,"Old","WT_Old"
"TCGA-A7-A426","ER+","WT",50.0917180013689,50,50.0917180013689,"Old","WT_Old"
"TCGA-D8-A1J9","ER+","WT",48.9500342231348,48,48.9500342231348,"Old","WT_Old"
"TCGA-EW-A2FS","ER+","WT",41.8945927446954,41,41.8945927446954,"Old","WT_Old"
"TCGA-BH-A0B8","ER+","WT",64.0109514031485,64,64.0109514031485,"Old","WT_Old"
"TCGA-BH-A0E7","ER+","WT",79.7125256673511,79,79.7125256673511,"Old","WT_Old"
"TCGA-BH-A0BJ","ER+","WT",41.1416837782341,41,41.1416837782341,"Old","WT_Old"
"TCGA-AC-A5XS","ER+","WT",74.3600273785079,74,74.3600273785079,"Old","WT_Old"
"TCGA-LD-A7W6","ER+","WT",54.9678302532512,54,54.9678302532512,"Old","WT_Old"
"TCGA-OL-A6VR","ER+","WT",48.4654346338125,48,48.4654346338125,"Old","WT_Old"
"TCGA-B6-A0IO","ER+","WT",66.590006844627,66,66.590006844627,"Old","WT_Old"
"TCGA-A1-A0SQ","ER+","WT",45.0595482546201,45,45.0595482546201,"Old","WT_Old"
"TCGA-AO-A12E","ER+","WT",51.2553045859001,51,51.2553045859001,"Old","WT_Old"
"TCGA-D8-A1XZ","ER+","WT",81.9055441478439,81,81.9055441478439,"Old","WT_Old"
"TCGA-A7-A13F","ER+","WT",44.7994524298426,44,44.7994524298426,"Old","WT_Old"
"TCGA-E2-A15J","ER+","WT",51.3921971252567,51,51.3921971252567,"Old","WT_Old"
"TCGA-BH-A0H7","ER+","WT",65.6317590691307,65,65.6317590691307,"Old","WT_Old"
"TCGA-A8-A0AB","ER+","WT",54.2477754962355,54,54.2477754962355,"Old","WT_Old"
"TCGA-A8-A06Z","ER+","WT",84.829568788501,84,84.829568788501,"Old","WT_Old"
"TCGA-LL-A5YL","ER+","WT",64.0520191649555,64,64.0520191649555,"Old","WT_Old"
"TCGA-B6-A0X0","ER+","WT",54.2149212867899,54,54.2149212867899,"Old","WT_Old"
"TCGA-BH-A18K","ER+","WT",46.0616016427105,46,46.0616016427105,"Old","WT_Old"
"TCGA-BH-A0AZ","ER+","Mut",47.8165639972622,47,47.8165639972622,"Old","Mut_Old"
"TCGA-A7-A5ZW","ER+","WT",47.9917864476386,47,47.9917864476386,"Old","WT_Old"
"TCGA-A7-A3IZ","ER+","WT",62.9623545516769,62,62.9623545516769,"Old","WT_Old"
"TCGA-D8-A1JD","ER+","Mut",41.5222450376454,41,41.5222450376454,"Old","Mut_Old"
"TCGA-E2-A15K","ER+","WT",58.90212183436,58,58.90212183436,"Old","WT_Old"
"TCGA-BH-A0HF","ER+","WT",77.2977412731006,77,77.2977412731006,"Old","WT_Old"
"TCGA-BH-A1FH","ER+","WT",47.0143737166324,47,47.0143737166324,"Old","WT_Old"
"TCGA-D8-A13Y","ER+","WT",52.0958247775496,52,52.0958247775496,"Old","WT_Old"
"TCGA-B6-A0WS","ER+","WT",58.1245722108145,58,58.1245722108145,"Old","WT_Old"
"TCGA-LD-A7W5","ER+","WT",52.4818617385353,52,52.4818617385353,"Old","WT_Old"
"TCGA-E9-A1NG","ER+","WT",62.6858316221766,62,62.6858316221766,"Old","WT_Old"
"TCGA-EW-A1P5","ER+","WT",77.1444216290212,77,77.1444216290212,"Old","WT_Old"
"TCGA-EW-A1OY","ER+","WT",63.6988364134155,63,63.6988364134155,"Old","WT_Old"
"TCGA-AC-A6NO","ER+","WT",43.7946611909651,43,43.7946611909651,"Old","WT_Old"
"TCGA-C8-A130","ER+","WT",52.3394934976044,52,52.3394934976044,"Old","WT_Old"
"TCGA-E2-A1IU","ER+","WT",60.9965776865161,60,60.9965776865161,"Old","WT_Old"
"TCGA-A7-A0CJ","ER+","WT",57.533196440794,57,57.533196440794,"Old","WT_Old"
"TCGA-BH-A1FG","ER+","WT",88.4188911704312,88,88.4188911704312,"Old","WT_Old"
"TCGA-LL-A440","ER+","WT",61.6427104722793,61,61.6427104722793,"Old","WT_Old"
"TCGA-AC-A8OS","ER+","WT",71.8631074606434,71,71.8631074606434,"Old","WT_Old"
"TCGA-E2-A1B4","ER+","WT",74.5817932922656,74,74.5817932922656,"Old","WT_Old"
"TCGA-GM-A2DC","ER+","WT",57.8288843258042,57,57.8288843258042,"Old","WT_Old"
"TCGA-E2-A10E","ER+","WT",64.8432580424367,64,64.8432580424367,"Old","WT_Old"
"TCGA-E2-A1BD","ER+","WT",53.7357973990418,53,53.7357973990418,"Old","WT_Old"
"TCGA-D8-A1XY","ER+","WT",74.2121834360027,74,74.2121834360027,"Old","WT_Old"
"TCGA-E2-A15G","ER+","WT",76.6954140999316,76,76.6954140999316,"Old","WT_Old"
"TCGA-BH-A0DV","ER+","WT",54.1574264202601,54,54.1574264202601,"Old","WT_Old"
"TCGA-A2-A0CU","ER+","WT",73.4373716632443,73,73.4373716632443,"Old","WT_Old"
"TCGA-AC-A5XU","ER+","WT",74.444900752909,74,74.444900752909,"Old","WT_Old"
"TCGA-D8-A1X9","ER+","WT",66.8501026694045,66,66.8501026694045,"Old","WT_Old"
"TCGA-D8-A1Y1","ER+","WT",80.6954140999316,80,80.6954140999316,"Old","WT_Old"
"TCGA-A8-A092","ER+","WT",48.7529089664613,48,48.7529089664613,"Old","WT_Old"
"TCGA-AO-A0J3","ER+","WT",67.129363449692,67,67.129363449692,"Old","WT_Old"
"TCGA-EW-A1OX","ER+","WT",43.3593429158111,43,43.3593429158111,"Old","WT_Old"
"TCGA-D8-A27L","ER+","WT",49.3497604380561,49,49.3497604380561,"Old","WT_Old"
"TCGA-BH-A2L8","ER+","WT",45.6071184120465,45,45.6071184120465,"Old","WT_Old"
"TCGA-BH-A0E1","ER+","WT",52.5448323066393,52,52.5448323066393,"Old","WT_Old"
"TCGA-HN-A2OB","ER+","WT",50.2258726899384,45,50.2258726899384,"Old","WT_Old"
"TCGA-E9-A228","ER+","WT",58.299794661191,58,58.299794661191,"Old","WT_Old"
"TCGA-C8-A12U","ER+","WT",46.6666666666667,46,46.6666666666667,"Old","WT_Old"
"TCGA-E2-A2P6","ER+","WT",77.7850787132101,77,77.7850787132101,"Old","WT_Old"
"TCGA-AC-A3TN","ER+","WT",75.0746064339494,75,75.0746064339494,"Old","WT_Old"
"TCGA-XX-A899","ER+","WT",46.6036960985626,46,46.6036960985626,"Old","WT_Old"
"TCGA-E9-A249","ER+","WT",45.6919917864476,45,45.6919917864476,"Old","WT_Old"
"TCGA-E9-A1N5","ER+","WT",45.8206707734428,45,45.8206707734428,"Old","WT_Old"
"TCGA-A2-A0CP","ER+","WT",60.5968514715948,60,60.5968514715948,"Old","WT_Old"
"TCGA-AO-A0JJ","ER+","WT",54.0944558521561,54,54.0944558521561,"Old","WT_Old"
"TCGA-BH-A0HY","ER+","WT",60.7227926078029,60,60.7227926078029,"Old","WT_Old"
"TCGA-BH-A1FR","ER+","WT",73.056810403833,73,73.056810403833,"Old","WT_Old"
"TCGA-BH-A18F","ER+","WT",50.9075975359343,50,50.9075975359343,"Old","WT_Old"
"TCGA-EW-A1PF","ER+","WT",50.3326488706366,50,50.3326488706366,"Old","WT_Old"
"TCGA-BH-A0HO","ER+","WT",48.4873374401095,48,48.4873374401095,"Old","WT_Old"
"TCGA-A7-A425","ER+","WT",71.5154004106776,70,71.5154004106776,"Old","WT_Old"
"TCGA-BH-A0HK","ER+","WT",81.4537987679671,81,81.4537987679671,"Old","WT_Old"
"TCGA-E2-A154","ER+","WT",68.4435318275154,68,68.4435318275154,"Old","WT_Old"
"TCGA-AO-A0JA","ER+","WT",36.4325804243669,36,36.4325804243669,"Young","WT_Young"
"TCGA-5L-AAT0","ER+","WT",42.2505133470226,42,42.2505133470226,"Old","WT_Old"
"TCGA-AC-A2FE","ER+","WT",69.1088295687885,62,69.1088295687885,"Old","WT_Old"
"TCGA-E2-A1IH","ER+","WT",80.6132785763176,80,80.6132785763176,"Old","WT_Old"
"TCGA-A7-A4SC","ER+","WT",62.9924709103354,62,62.9924709103354,"Old","WT_Old"
"TCGA-S3-A6ZH","ER+","WT",29.6563997262149,29,29.6563997262149,"Young","WT_Young"
"TCGA-BH-A0HX","ER+","WT",54.4832306639288,54,54.4832306639288,"Old","WT_Old"
"TCGA-E2-A576","ER+","WT",69.4045174537988,69,69.4045174537988,"Old","WT_Old"
"TCGA-E2-A156","ER+","WT",61.388090349076,61,61.388090349076,"Old","WT_Old"
"TCGA-A7-A56D","ER+","WT",84.2792607802875,84,84.2792607802875,"Old","WT_Old"
"TCGA-E9-A1R0","ER+","WT",58.5735797399042,58,58.5735797399042,"Old","WT_Old"
"TCGA-BH-A0BP","ER+","WT",76.4325804243669,76,76.4325804243669,"Old","WT_Old"
"TCGA-AC-A23G","ER+","WT",76.4791238877481,76,76.4791238877481,"Old","WT_Old"
"TCGA-GM-A2DA","ER+","WT",58.0342231348392,46,58.0342231348392,"Old","WT_Old"
"TCGA-A2-A0YG","ER+","WT",63.129363449692,63,63.129363449692,"Old","WT_Old"
"TCGA-C8-A3M8","ER+","WT",68.1095140314853,68,68.1095140314853,"Old","WT_Old"
"TCGA-AN-A0FN","ER+","WT",61.9548254620123,61,61.9548254620123,"Old","WT_Old"
"TCGA-E2-A15D","ER+","WT",47.1567419575633,47,47.1567419575633,"Old","WT_Old"
"TCGA-A8-A09R","ER+","WT",82.6721423682409,82,82.6721423682409,"Old","WT_Old"
"TCGA-BH-A18J","ER+","WT",56.6132785763176,56,56.6132785763176,"Old","WT_Old"
"TCGA-E9-A1RG","ER+","WT",62.3901437371663,62,62.3901437371663,"Old","WT_Old"
"TCGA-A8-A09V","ER+","WT",51.0006844626968,51,51.0006844626968,"Old","WT_Old"
"TCGA-BH-A0W3","ER+","WT",58.5051334702259,58,58.5051334702259,"Old","WT_Old"
"TCGA-AR-A24V","ER+","WT",52.0930869267625,52,52.0930869267625,"Old","WT_Old"
"TCGA-OL-A66L","ER+","WT",71.6933607118412,71,71.6933607118412,"Old","WT_Old"
"TCGA-A2-A1FX","ER+","WT",61.1745379876797,61,61.1745379876797,"Old","WT_Old"
"TCGA-D8-A1JU","ER+","WT",51.2881587953457,51,51.2881587953457,"Old","WT_Old"
"TCGA-AR-A2LO","ER+","WT",46.7624914442163,46,46.7624914442163,"Old","WT_Old"
"TCGA-A8-A0AD","ER+","WT",83.2498288843258,83,83.2498288843258,"Old","WT_Old"
"TCGA-PE-A5DD","ER+","WT",64.848733744011,64,64.848733744011,"Old","WT_Old"
"TCGA-E2-A105","ER+","WT",79.0006844626968,79,79.0006844626968,"Old","WT_Old"
"TCGA-A8-A09A","ER+","Mut",40.7474332648871,40,40.7474332648871,"Old","Mut_Old"
"TCGA-E9-A5FK","ER+","WT",60.7775496235455,60,60.7775496235455,"Old","WT_Old"
"TCGA-AO-A0JF","ER+","WT",68.2354551676934,68,68.2354551676934,"Old","WT_Old"
"TCGA-A2-A04R","ER+","WT",36.9144421629021,36,36.9144421629021,"Young","WT_Young"
"TCGA-EW-A1PE","ER+","WT",56.6570841889117,56,56.6570841889117,"Old","WT_Old"
"TCGA-A8-A090","ER+","WT",74.2532511978097,74,74.2532511978097,"Old","WT_Old"
"TCGA-AC-A2FO","ER+","WT",65.5112936344969,65,65.5112936344969,"Old","WT_Old"
"TCGA-D8-A73W","ER+","WT",79.7973990417522,79,79.7973990417522,"Old","WT_Old"
"TCGA-BH-A202","ER+","WT",60.3750855578371,60,60.3750855578371,"Old","WT_Old"
"TCGA-AR-A1AX","ER+","WT",64.3586584531143,64,64.3586584531143,"Old","WT_Old"
"TCGA-WT-AB41","ER+","WT",55,55,55,"Old","WT_Old"
"TCGA-D8-A1X5","ER+","WT",81.4072553045859,81,81.4072553045859,"Old","WT_Old"
"TCGA-OL-A66N","ER+","WT",59.1594798083504,59,59.1594798083504,"Old","WT_Old"
"TCGA-A8-A07L","ER+","WT",58.6666666666667,58,58.6666666666667,"Old","WT_Old"
"TCGA-LL-A5YN","ER+","WT",46.2258726899384,46,46.2258726899384,"Old","WT_Old"
"TCGA-E2-A15F","ER+","WT",64.7775496235455,64,64.7775496235455,"Old","WT_Old"
"TCGA-C8-A27A","ER+","WT",48.6762491444216,48,48.6762491444216,"Old","WT_Old"
"TCGA-E2-A107","ER+","WT",54.9349760438056,54,54.9349760438056,"Old","WT_Old"
"TCGA-B6-A0WW","ER+","WT",60.0301163586585,58,60.0301163586585,"Old","WT_Old"
"TCGA-EW-A1J1","ER+","WT",38.6639288158795,38,38.6639288158795,"Young","WT_Young"
"TCGA-E2-A109","ER+","WT",64.3969883641342,64,64.3969883641342,"Old","WT_Old"
"TCGA-EW-A1P6","ER+","WT",64.2984257357974,64,64.2984257357974,"Old","WT_Old"
"TCGA-E2-A2P5","ER+","WT",78,78,78,"Old","WT_Old"
"TCGA-AN-A0XN","ER+","WT",68.5256673511294,68,68.5256673511294,"Old","WT_Old"
"TCGA-AO-A03P","ER+","WT",59.2635181382615,54,59.2635181382615,"Old","WT_Old"
"TCGA-AR-A0TR","ER+","WT",68.9664613278576,68,68.9664613278576,"Old","WT_Old"
"TCGA-GM-A2DL","ER+","WT",50.5817932922656,50,50.5817932922656,"Old","WT_Old"
"TCGA-D8-A1JH","ER+","WT",56.1177275838467,56,56.1177275838467,"Old","WT_Old"
"TCGA-A2-A1G4","ER+","WT",71.0910335386721,71,71.0910335386721,"Old","WT_Old"
"TCGA-E2-A106","ER+","WT",34.299794661191,34,34.299794661191,"Young","WT_Young"
"TCGA-E9-A1NI","ER+","WT",51.9780971937029,51,51.9780971937029,"Old","WT_Old"
"TCGA-A1-A0SD","ER+","WT",59.6659822039699,59,59.6659822039699,"Old","WT_Old"
"TCGA-D8-A27P","ER+","WT",64.5475701574264,64,64.5475701574264,"Old","WT_Old"
"TCGA-E9-A1RF","ER+","WT",68.7720739219713,68,68.7720739219713,"Old","WT_Old"
"TCGA-A2-A25D","ER+","WT",89.9986310746064,89,89.9986310746064,"Old","WT_Old"
"TCGA-BH-A201","ER+","WT",64.1286789869952,64,64.1286789869952,"Old","WT_Old"
"TCGA-AR-A5QP","ER+","WT",54.2231348391513,54,54.2231348391513,"Old","WT_Old"
"TCGA-E9-A1NE","ER+","Mut",28.9226557152635,28,28.9226557152635,"Young","Mut_Young"
"TCGA-AC-A23C","ER+","WT",62.2888432580424,62,62.2888432580424,"Old","WT_Old"
"TCGA-A2-A0YF","ER+","WT",67.5154004106776,67,67.5154004106776,"Old","WT_Old"
"TCGA-AN-A0XV","ER+","WT",67.8412046543463,67,67.8412046543463,"Old","WT_Old"
"TCGA-BH-A0H6","ER+","WT",82.4777549623546,82,82.4777549623546,"Old","WT_Old"
"TCGA-A2-A0T4","ER+","WT",62.5571526351814,62,62.5571526351814,"Old","WT_Old"
"TCGA-Z7-A8R6","ER+","WT",46.4202600958248,46,46.4202600958248,"Old","WT_Old"
"TCGA-A2-A0YL","ER+","WT",48.4654346338125,48,48.4654346338125,"Old","WT_Old"
"TCGA-C8-A1HE","ER+","WT",59,59,59,"Old","WT_Old"
"TCGA-E9-A1NH","ER+","WT",71.7891854893908,71,71.7891854893908,"Old","WT_Old"
"TCGA-AC-A2FM","ER+","WT",87.0773442847365,87,87.0773442847365,"Old","WT_Old"
"TCGA-E9-A2JT","ER+","WT",63.8412046543463,63,63.8412046543463,"Old","WT_Old"
"TCGA-A8-A07B","ER+","WT",69.7467488021903,69,69.7467488021903,"Old","WT_Old"
"TCGA-BH-A0HQ","ER+","WT",56.72553045859,56,56.72553045859,"Old","WT_Old"
"TCGA-E2-A1IL","ER+","WT",78.0150581793292,78,78.0150581793292,"Old","WT_Old"
"TCGA-AN-A03X","ER+","WT",74.3682409308693,74,74.3682409308693,"Old","WT_Old"
"TCGA-EW-A2FV","ER+","WT",39.1950718685832,39,39.1950718685832,"Young","WT_Young"
"TCGA-C8-A26V","ER+","WT",47.8247775496235,47,47.8247775496235,"Old","WT_Old"
"TCGA-AN-A0XR","ER+","WT",55.8001368925394,55,55.8001368925394,"Old","WT_Old"
"TCGA-BH-A18M","ER+","WT",39.7864476386037,39,39.7864476386037,"Young","WT_Young"
"TCGA-BH-A1FJ","ER+","WT",66.425735797399,66,66.425735797399,"Old","WT_Old"
"TCGA-AO-A12B","ER+","WT",63.3812457221081,63,63.3812457221081,"Old","WT_Old"
"TCGA-GM-A5PX","ER+","WT",65.0321697467488,65,65.0321697467488,"Old","WT_Old"
"TCGA-E2-A15O","ER+","WT",89,89,89,"Old","WT_Old"
"TCGA-A8-A099","ER+","WT",76.8323066392882,76,76.8323066392882,"Old","WT_Old"
"TCGA-LL-A5YM","ER+","WT",88.9199178644764,88,88.9199178644764,"Old","WT_Old"
"TCGA-D8-A140","ER+","WT",62.6967830253251,62,62.6967830253251,"Old","WT_Old"
"TCGA-BH-A0EB","ER+","WT",69.1553730321697,69,69.1553730321697,"Old","WT_Old"
"TCGA-E2-A1L8","ER+","WT",52,52,52,"Old","WT_Old"
"TCGA-BH-A0DK","ER+","WT",49.9301848049281,49,49.9301848049281,"Old","WT_Old"
"TCGA-AN-A03Y","ER+","WT",66.3436002737851,66,66.3436002737851,"Old","WT_Old"
"TCGA-AQ-A1H2","ER+","WT",84.7583846680356,84,84.7583846680356,"Old","WT_Old"
"TCGA-BH-A0C1","ER+","WT",64.3394934976044,61,64.3394934976044,"Old","WT_Old"
"TCGA-E9-A3Q9","ER+","WT",78.6173853524983,78,78.6173853524983,"Old","WT_Old"
"TCGA-A8-A06R","ER+","WT",69.7522245037646,69,69.7522245037646,"Old","WT_Old"
"TCGA-A1-A0SE","ER+","WT",56.7200547570157,56,56.7200547570157,"Old","WT_Old"
"TCGA-EW-A1IZ","ER+","WT",53.9520876112252,53,53.9520876112252,"Old","WT_Old"
"TCGA-AC-A2QI","ER+","WT",76.290212183436,76,76.290212183436,"Old","WT_Old"
"TCGA-AR-A0TZ","ER+","WT",46.6338124572211,43,46.6338124572211,"Old","WT_Old"
"TCGA-AC-A3YJ","ER+","WT",66.9103353867214,66,66.9103353867214,"Old","WT_Old"
"TCGA-EW-A1J6","ER+","WT",70.7186858316222,70,70.7186858316222,"Old","WT_Old"
"TCGA-AO-A126","ER+","WT",39.0527036276523,39,39.0527036276523,"Young","WT_Young"
"TCGA-D8-A1X8","ER+","WT",62.9568788501027,62,62.9568788501027,"Old","WT_Old"
"TCGA-A2-A0D3","ER+","WT",42.5023956194387,42,42.5023956194387,"Old","WT_Old"
"TCGA-EW-A1PA","ER+","WT",59.7864476386037,59,59.7864476386037,"Old","WT_Old"
"TCGA-AN-A041","ER+","WT",29.6016427104723,29,29.6016427104723,"Young","WT_Young"
"TCGA-A8-A0A6","ER+","WT",64.0766598220397,64,64.0766598220397,"Old","WT_Old"
"TCGA-BH-A1ET","ER+","WT",55.9206023271732,55,55.9206023271732,"Old","WT_Old"
"TCGA-E9-A1RA","ER+","WT",48.4572210814511,48,48.4572210814511,"Old","WT_Old"
"TCGA-PE-A5DE","ER+","WT",41.6591375770021,41,41.6591375770021,"Old","WT_Old"
"TCGA-5T-A9QA","ER+","WT",52.104038329911,52,52.104038329911,"Old","WT_Old"
"TCGA-D8-A73X","ER+","WT",53.6810403832991,53,53.6810403832991,"Old","WT_Old"
"TCGA-BH-A0DG","ER+","WT",30.6748802190281,30,30.6748802190281,"Young","WT_Young"
"TCGA-BH-A0HB","ER+","WT",55.9835728952772,55,55.9835728952772,"Old","WT_Old"
"TCGA-A8-A097","ER+","Mut",64.9993155373032,64,64.9993155373032,"Old","Mut_Old"
"TCGA-C8-A1HG","ER+","WT",50,50,50,"Old","WT_Old"
"TCGA-E9-A1R7","ER+","WT",64.0574948665298,64,64.0574948665298,"Old","WT_Old"
"TCGA-GM-A3NW","ER+","WT",63.0828199863107,63,63.0828199863107,"Old","WT_Old"
"TCGA-OL-A5D8","ER+","WT",40.6652977412731,40,40.6652977412731,"Old","WT_Old"
"TCGA-BH-A1FN","ER+","Mut",34.2915811088296,34,34.2915811088296,"Young","Mut_Young"
"TCGA-B6-A1KN","ER+","WT",57.9958932238193,57,57.9958932238193,"Old","WT_Old"
"TCGA-A2-A0YH","ER+","WT",53.6509240246407,53,53.6509240246407,"Old","WT_Old"
"TCGA-A2-A0ES","ER+","WT",52.4572210814511,52,52.4572210814511,"Old","WT_Old"
"TCGA-AC-A2FB","ER+","WT",65.3004791238878,65,65.3004791238878,"Old","WT_Old"
"TCGA-C8-A274","ER+","WT",63.8932238193018,63,63.8932238193018,"Old","WT_Old"
"TCGA-E9-A247","ER+","WT",59.0335386721424,59,59.0335386721424,"Old","WT_Old"
"TCGA-AN-A0AK","ER+","WT",76.5968514715948,76,76.5968514715948,"Old","WT_Old"
"TCGA-A2-A0EP","ER+","WT",56.3586584531143,56,56.3586584531143,"Old","WT_Old"
"TCGA-BH-A0BS","ER+","WT",55.7809719370294,55,55.7809719370294,"Old","WT_Old"
"TCGA-D8-A1XB","ER+","WT",62.9048596851472,62,62.9048596851472,"Old","WT_Old"
"TCGA-A8-A06P","ER+","WT",63.0006844626968,63,63.0006844626968,"Old","WT_Old"
"TCGA-BH-A28Q","ER+","WT",46.2203969883641,46,46.2203969883641,"Old","WT_Old"
"TCGA-AR-A252","ER+","WT",50.9541409993155,50,50.9541409993155,"Old","WT_Old"
"TCGA-AR-A24T","ER+","WT",46.9130732375086,46,46.9130732375086,"Old","WT_Old"
"TCGA-E2-A572","ER+","WT",72.2765229295003,72,72.2765229295003,"Old","WT_Old"
"TCGA-E2-A15R","ER+","WT",64.5311430527036,64,64.5311430527036,"Old","WT_Old"
"TCGA-A8-A09T","ER+","WT",68.7474332648871,68,68.7474332648871,"Old","WT_Old"
"TCGA-E2-A1IO","ER+","WT",37.429158110883,37,37.429158110883,"Young","WT_Young"
"TCGA-E9-A1NA","ER+","WT",58.5817932922656,58,58.5817932922656,"Old","WT_Old"
"TCGA-A2-A259","ER+","WT",70.2696783025325,70,70.2696783025325,"Old","WT_Old"
"TCGA-S3-AA11","ER+","WT",67.9342915811088,67,67.9342915811088,"Old","WT_Old"
"TCGA-AO-A0JD","ER+","WT",59.7700205338809,59,59.7700205338809,"Old","WT_Old"
"TCGA-AR-A0TW","ER+","WT",52.0246406570842,50,52.0246406570842,"Old","WT_Old"
"TCGA-AN-A0FZ","ER+","WT",45.264887063655,45,45.264887063655,"Old","WT_Old"
"TCGA-D8-A27N","ER+","WT",36.2573579739904,36,36.2573579739904,"Young","WT_Young"
"TCGA-AN-A0AM","ER+","WT",56.7091033538672,56,56.7091033538672,"Old","WT_Old"
"TCGA-LL-A7T0","ER+","WT",70.8199863107461,70,70.8199863107461,"Old","WT_Old"
"TCGA-A8-A096","ER+","WT",73.1635865845311,73,73.1635865845311,"Old","WT_Old"
"TCGA-E2-A1BC","ER+","WT",63,63,63,"Old","WT_Old"
"TCGA-C8-A26Z","ER+","WT",59,59,59,"Old","WT_Old"
"TCGA-E2-A15C","ER+","WT",61.8288843258042,61,61.8288843258042,"Old","WT_Old"
"TCGA-BH-A0HU","ER+","WT",52.6105407255305,52,52.6105407255305,"Old","WT_Old"
"TCGA-D8-A1JS","ER+","WT",77.1471594798084,77,77.1471594798084,"Old","WT_Old"
"TCGA-A8-A07Z","ER+","WT",85.8343600273785,85,85.8343600273785,"Old","WT_Old"
"TCGA-EW-A2FW","ER+","WT",52.2518822724162,52,52.2518822724162,"Old","WT_Old"
"TCGA-AN-A0XW","ER+","WT",36.1615331964408,36,36.1615331964408,"Young","WT_Young"
"TCGA-A2-A0D4","ER+","WT",37.7960301163587,37,37.7960301163587,"Young","WT_Young"
"TCGA-A8-A06Q","ER+","WT",63.419575633128,63,63.419575633128,"Old","WT_Old"
"TCGA-A7-A4SB","ER+","WT",56.2327173169062,56,56.2327173169062,"Old","WT_Old"
"TCGA-3C-AAAU","ER+","WT",60.2847364818617,55,60.2847364818617,"Old","WT_Old"
"TCGA-B6-A0IA","ER+","WT",51.3292265571526,51,51.3292265571526,"Old","WT_Old"
"TCGA-EW-A1PC","ER+","WT",66.8966461327858,66,66.8966461327858,"Old","WT_Old"
"TCGA-A2-A0EO","ER+","WT",54.4284736481862,54,54.4284736481862,"Old","WT_Old"
"TCGA-A7-A0CH","ER+","WT",79.6824093086927,79,79.6824093086927,"Old","WT_Old"
"TCGA-GM-A2DI","ER+","WT",52.1013004791239,52,52.1013004791239,"Old","WT_Old"
"TCGA-A7-A3IY","ER+","WT",71.2991101984942,71,71.2991101984942,"Old","WT_Old"
"TCGA-BH-A42T","ER+","WT",75.9233401779603,75,75.9233401779603,"Old","WT_Old"
"TCGA-BH-A0H3","ER+","WT",46.9596167008898,46,46.9596167008898,"Old","WT_Old"
"TCGA-V7-A7HQ","ER+","WT",75.7946611909651,75,75.7946611909651,"Old","WT_Old"
"TCGA-A8-A091","ER+","WT",62.4147843942505,61,62.4147843942505,"Old","WT_Old"
"TCGA-A8-A06T","ER+","WT",74,74,74,"Old","WT_Old"
"TCGA-AO-A0J5","ER+","WT",48.7748117727584,48,48.7748117727584,"Old","WT_Old"
"TCGA-AO-A0JI","ER+","WT",56.6570841889117,56,56.6570841889117,"Old","WT_Old"
"TCGA-D8-A146","ER+","WT",57.1143052703628,57,57.1143052703628,"Old","WT_Old"
"TCGA-AR-A2LL","ER+","WT",70.4914442162902,70,70.4914442162902,"Old","WT_Old"
"TCGA-E2-A1L7","ER+","WT",40.6680355920602,40,40.6680355920602,"Old","WT_Old"
"TCGA-A8-A07E","ER+","WT",81,81,81,"Old","WT_Old"
"TCGA-D8-A1XV","ER+","WT",84.4079397672827,84,84.4079397672827,"Old","WT_Old"
"TCGA-LL-A442","ER+","WT",56,56,56,"Old","WT_Old"
"TCGA-D8-A1JJ","ER+","WT",54.6639288158795,54,54.6639288158795,"Old","WT_Old"
"TCGA-BH-A1FD","ER+","WT",68.2819986310746,68,68.2819986310746,"Old","WT_Old"
"TCGA-B6-A0X5","ER+","WT",61.2731006160164,61,61.2731006160164,"Old","WT_Old"
"TCGA-E2-A155","ER+","WT",58.4476386036961,58,58.4476386036961,"Old","WT_Old"
"TCGA-A8-A07S","ER+","WT",73.9164955509925,73,73.9164955509925,"Old","WT_Old"
"TCGA-BH-A0EI","ER+","WT",51.3100616016427,51,51.3100616016427,"Old","WT_Old"
"TCGA-BH-A0W5","ER+","WT",77.492128678987,77,77.492128678987,"Old","WT_Old"
"TCGA-E9-A6HE","ER+","WT",45.7138945927447,45,45.7138945927447,"Old","WT_Old"
"TCGA-A2-A0YT","ER+","WT",56.0766598220397,56,56.0766598220397,"Old","WT_Old"
"TCGA-E9-A5UP","ER+","WT",63.9863107460643,63,63.9863107460643,"Old","WT_Old"
"TCGA-BH-A5J0","ER+","WT",63.1676933607118,63,63.1676933607118,"Old","WT_Old"
"TCGA-E9-A1NF","ER+","WT",60.4271047227926,60,60.4271047227926,"Old","WT_Old"
"TCGA-A8-A084","ER+","WT",81.7467488021903,81,81.7467488021903,"Old","WT_Old"
"TCGA-C8-A1HN","ER+","WT",56.7063655030801,56,56.7063655030801,"Old","WT_Old"
"TCGA-A8-A09E","ER+","WT",73.1663244353183,73,73.1663244353183,"Old","WT_Old"
"TCGA-BH-A0HL","ER+","WT",56.9582477754962,56,56.9582477754962,"Old","WT_Old"
"TCGA-AR-A0U3","ER+","WT",59.5619438740589,59,59.5619438740589,"Old","WT_Old"
"TCGA-GM-A5PV","ER+","WT",63.5592060232717,63,63.5592060232717,"Old","WT_Old"
"TCGA-UL-AAZ6","ER+","WT",73.9192334017796,73,73.9192334017796,"Old","WT_Old"
"TCGA-D8-A1XD","ER+","WT",36.9883641341547,36,36.9883641341547,"Young","WT_Young"
"TCGA-A8-A08I","ER+","WT",53.0841889117043,53,53.0841889117043,"Old","WT_Old"
"TCGA-AC-A2BM","ER+","WT",41.6481861738535,41,41.6481861738535,"Old","WT_Old"
"TCGA-C8-A12M","ER+","WT",70.6666666666667,70,70.6666666666667,"Old","WT_Old"
"TCGA-E9-A1QZ","ER+","WT",61.3196440793977,61,61.3196440793977,"Old","WT_Old"
"TCGA-AO-A0J8","ER+","WT",61.0102669404517,61,61.0102669404517,"Old","WT_Old"
"TCGA-D8-A27W","ER+","WT",55.2306639288159,55,55.2306639288159,"Old","WT_Old"
"TCGA-AC-A23E","ER+","WT",50.6502395619439,50,50.6502395619439,"Old","WT_Old"
"TCGA-BH-A6R8","ER+","WT",46.0752908966461,46,46.0752908966461,"Old","WT_Old"
"TCGA-AC-A3W7","ER+","WT",66.6036960985626,66,66.6036960985626,"Old","WT_Old"
"TCGA-AR-A24K","ER+","WT",46.4366872005476,46,46.4366872005476,"Old","WT_Old"
"TCGA-B6-A0IE","ER+","WT",40.5639972621492,38,40.5639972621492,"Old","WT_Old"
"TCGA-BH-A0BF","ER+","WT",56.6488706365503,56,56.6488706365503,"Old","WT_Old"
"TCGA-AR-A0U2","ER+","WT",52.0164271047228,47,52.0164271047228,"Old","WT_Old"
"TCGA-AR-A2LN","ER+","Mut",65.6865160848734,65,65.6865160848734,"Old","Mut_Old"
"TCGA-AR-A1AS","ER+","WT",54.8336755646817,54,54.8336755646817,"Old","WT_Old"
"TCGA-BH-A0DP","ER+","WT",60.7775496235455,60,60.7775496235455,"Old","WT_Old"
"TCGA-A8-A081","ER+","WT",80.9171800136892,80,80.9171800136892,"Old","WT_Old"
"TCGA-BH-A0B5","ER+","WT",40.848733744011,40,40.848733744011,"Old","WT_Old"
"TCGA-AO-A12H","ER+","WT",69.8562628336756,69,69.8562628336756,"Old","WT_Old"
"TCGA-GM-A2DK","ER+","WT",58.0369609856263,58,58.0369609856263,"Old","WT_Old"
"TCGA-AC-A6IV","ER+","WT",47.9698836413415,47,47.9698836413415,"Old","WT_Old"
"TCGA-A8-A06N","ER+","WT",66.4969199178645,66,66.4969199178645,"Old","WT_Old"
"TCGA-D8-A1X6","ER+","WT",80.0985626283368,80,80.0985626283368,"Old","WT_Old"
"TCGA-EW-A1IX","ER+","WT",48.1779603011636,48,48.1779603011636,"Old","WT_Old"
"TCGA-E2-A1L6","ER+","WT",44.9089664613279,44,44.9089664613279,"Old","WT_Old"
"TCGA-E9-A54Y","ER+","WT",63.1266255989049,63,63.1266255989049,"Old","WT_Old"
"TCGA-E9-A1N6","ER+","WT",54.6885694729637,52,54.6885694729637,"Old","WT_Old"
"TCGA-E9-A1R5","ER+","WT",63.2881587953457,63,63.2881587953457,"Old","WT_Old"
"TCGA-A2-A0SY","ER+","WT",62.7734428473648,62,62.7734428473648,"Old","WT_Old"
"TCGA-BH-A1ES","ER+","WT",35.9698836413415,35,35.9698836413415,"Young","WT_Young"
"TCGA-A8-A07J","ER+","WT",35.4962354551677,35,35.4962354551677,"Young","WT_Young"
"TCGA-BH-A0BV","ER+","WT",78.5735797399042,78,78.5735797399042,"Old","WT_Old"
"TCGA-A8-A08G","ER+","WT",41.0020533880903,41,41.0020533880903,"Old","WT_Old"
"TCGA-E2-A15A","ER+","WT",45.8590006844627,45,45.8590006844627,"Old","WT_Old"
"TCGA-AO-A12C","ER+","WT",42.3518138261465,42,42.3518138261465,"Old","WT_Old"
"TCGA-B6-A408","ER+","WT",55.0362765229295,55,55.0362765229295,"Old","WT_Old"
"TCGA-A2-A0EX","ER+","WT",46.154688569473,46,46.154688569473,"Old","WT_Old"
"TCGA-BH-A1F2","ER+","WT",53.9383983572895,53,53.9383983572895,"Old","WT_Old"
"TCGA-C8-A8HQ","ER+","WT",53.201916495551,53,53.201916495551,"Old","WT_Old"
"TCGA-C8-A12W","ER+","WT",49.6646132785763,49,49.6646132785763,"Old","WT_Old"
"TCGA-AR-A24W","ER+","WT",55.0937713894593,55,55.0937713894593,"Old","WT_Old"
"TCGA-E9-A1N4","ER+","WT",41.2183436002738,41,41.2183436002738,"Old","WT_Old"
"TCGA-GM-A2D9","ER+","WT",71.2553045859001,69,71.2553045859001,"Old","WT_Old"
"TCGA-D8-A1JE","ER+","WT",62.1026694045175,62,62.1026694045175,"Old","WT_Old"
